name,family,components,realizability_margin,exact_beta,exact_gamma_norm,standardized_third_cumulant_norm,standardized_fourth_cumulant_norm,fourth_source_disagreement,tail_disagreement,reconstruction_failure,stage9_fourth_source_error,grad_fourth_source_error,best_algebraic_fourth_source_error,both_algebraic_closures_unsafe,stage9_status,grad_status,source_sensor_active,combined_sensor_active
stage9_symmetric,stage9_regression,2,0.3233271561879729,-0.010516333745077353,0.0,0.0,0.6031708249317389,0.002468487770505847,0.0153025242336669,False,1.976049145363702e-35,0.0024710403527461134,1.976049145363702e-35,False,PASS,PASS,False,False
stage9_asymmetric,stage9_regression,2,0.28381707679835316,-0.013218490403974029,0.05304468292946267,0.2502918046544986,0.46960520013076285,0.008586755010715605,0.009033309383428233,False,3.504879343813261e-18,0.008619319362127927,3.504879343813261e-18,False,PASS,PASS,False,False
stage9_correlated,stage9_regression,2,0.2105961711326594,-0.03565706960977169,0.06301183741634683,0.3006500494792246,0.5996333291461223,0.009860995725334405,0.00923497837050392,False,7.623380238593185e-16,0.009887989535273395,7.623380238593185e-16,False,PASS,PASS,False,False
stage9_leptokurtic,stage9_regression,2,0.2083869307949576,-0.02133027804425121,0.0,0.0,3.739612188365649,0.007999840131395331,0.029426242190105964,False,4.605393568155972e-36,0.00803175568659122,4.605393568155972e-36,False,PASS,PASS,False,False
stage9_rare_hot,stage9_regression,2,0.11555219719097169,0.0,0.0,0.0,34.57493568131157,0.0,0.3939054917596751,False,0.0,0.0,0.0,False,PASS,PASS,False,False
rare_hot_anisotropic_w0.5_r4,rare_hot_anisotropic,2,0.21232497012764243,-0.005542562584220403,0.0,0.0,3.3576711929550225,0.02430997068968455,0.0999751921155713,False,0.014899799863617539,0.009935685722499693,0.009935685722499693,False,PASS,PASS,False,False
rare_hot_anisotropic_w0.5_r25,rare_hot_anisotropic,2,0.20190985133169748,-0.008006891677001094,0.0,0.0,7.123292360886188,0.07812664714797243,0.23018965625403828,False,0.02873528041209423,0.05282066723901679,0.02873528041209423,False,PASS,PASS,False,False
rare_hot_anisotropic_w0.5_r100,rare_hot_anisotropic,2,0.1878582958568874,-0.008489612820159184,0.0,0.0,7.942561463919331,0.09221888789892684,0.2583075061443519,False,0.03145684037645754,0.06516819609459427,0.03145684037645754,True,PASS,PASS,False,False
rare_hot_anisotropic_w0.5_r1000,rare_hot_anisotropic,2,0.18364814896453352,-0.008642959475933047,0.0,0.0,8.20736582833073,0.09693332093800604,0.267241749004049,False,0.032323788752270176,0.06937182751051858,0.032323788752270176,True,PASS,PASS,False,False
rare_hot_anisotropic_w0.1_r4,rare_hot_anisotropic,2,0.22429609903839384,-0.0008199057077249117,0.0,0.0,4.470272298312899,0.0074292775950159555,0.2185941824015482,False,0.01422695432434871,0.007309533955956705,0.007309533955956705,False,PASS,PASS,False,False
rare_hot_anisotropic_w0.1_r25,rare_hot_anisotropic,2,0.08887522854348345,-0.004682230773056003,0.0,0.0,37.489715158850856,0.09432737547116399,0.2911440749355784,False,0.07186029084759361,0.07893970987038337,0.07186029084759361,True,PASS,PASS,False,False
rare_hot_anisotropic_w0.1_r100,rare_hot_anisotropic,2,0.05167966313393822,-0.007289162560259561,0.0,0.0,61.37518941511405,0.1676997630348565,0.39330532161548465,False,0.2874774718229155,0.2655745596490284,0.2655745596490284,True,PASS,PASS,True,True
rare_hot_anisotropic_w0.1_r1000,rare_hot_anisotropic,2,0.04202963546421899,-0.008506448934656862,0.0,0.0,72.69961712887186,0.2053952202394411,0.4342724600998995,False,0.4519983357094768,0.3866149465809132,0.3866149465809132,True,PASS,PASS,True,True
rare_hot_anisotropic_w0.02_r4,rare_hot_anisotropic,2,0.23691042112448404,-4.9328609685123005e-05,0.0,0.0,1.464274550149483,0.00021053630308041977,0.07381721587585696,False,0.0012512238272886754,0.0011019496466241456,0.0011019496466241456,False,PASS,PASS,False,False
rare_hot_anisotropic_w0.02_r25,rare_hot_anisotropic,2,0.10139872260756397,-0.000988432938943159,0.0,0.0,43.0883740251998,0.02790917135613975,0.40267000996075686,False,0.04598123801985256,0.03871867616354998,0.03871867616354998,True,PASS,PASS,False,False
rare_hot_anisotropic_w0.02_r100,rare_hot_anisotropic,2,0.02339211654273644,-0.003900839618865991,0.0,0.0,178.8244405737856,0.48469375704408163,0.8429269312768006,False,0.8526942387960185,0.18528207963571586,0.18528207963571586,True,PASS,PASS,True,True
rare_hot_anisotropic_w0.02_r1000,rare_hot_anisotropic,2,0.009592324872423622,-0.007870089210973444,0.0,0.0,366.1989125785125,0.916230102743622,1.0421771254258838,False,4.035318673600976,0.989406926463811,0.989406926463811,True,PASS,PASS,True,True
rare_hot_anisotropic_w0.005_r4,rare_hot_anisotropic,2,0.22920103765229352,-3.3624709312409746e-06,0.0,0.0,0.4053583970722713,1.0462708512468832e-05,0.03492968878141283,False,9.171518888352831e-05,8.945840376490574e-05,8.945840376490574e-05,False,PASS,PASS,False,False
rare_hot_anisotropic_w0.005_r25,rare_hot_anisotropic,2,0.1605903553813445,-0.00010787346089071957,0.0,0.0,19.09785119491099,0.0019094465673112813,0.2500297565793798,False,0.01589044254120017,0.014578132252233894,0.014578132252233894,False,PASS,PASS,False,False
rare_hot_anisotropic_w0.005_r100,rare_hot_anisotropic,2,0.028274543261100984,-0.0009686976698073163,0.0,0.0,180.34912170104118,0.2827935026955239,0.936732403434973,False,0.19103185345383747,0.11987080558164688,0.11987080558164688,True,PASS,PASS,True,True
rare_hot_anisotropic_w0.005_r1000,rare_hot_anisotropic,2,0.0034424861412272892,-0.006024101289470716,0.0,0.0,1138.378426770217,1.3992779095749237,1.4060440155067204,False,9.562862132804206,0.9531785238665509,0.9531785238665509,True,PASS,PASS,True,True
counterstream_ma2,near_delta_counterstream,2,0.12228260869565219,-0.041893897084054506,0.0,0.0,5.8775510204081645,0.048772431791485056,0.06560256405372353,False,8.152982908433389e-16,0.04778011761414578,8.152982908433389e-16,False,PASS,PASS,False,False
crossing_ma2,near_delta_crossing,2,0.17817072366258357,-0.02052800957118669,0.0,0.0,2.8800000000000003,0.02244335244204766,0.03805031789441352,False,6.363838039927259e-16,0.022278773481520717,6.363838039927259e-16,False,PASS,PASS,False,False
rare_beam_ma2,near_delta_rare_beam,2,0.21062348438313566,-0.001762173657640642,0.07854671237902879,0.6454887023020874,0.9378469073775374,0.04041945878029983,0.0476502373192756,False,0.049957702273310776,0.08856469067693236,0.049957702273310776,True,PASS,PASS,False,False
counterstream_ma4,near_delta_counterstream,2,0.01797124600638978,-0.09098286790553654,0.0,0.0,12.764542936288093,0.1682021142417141,0.10586822211051859,False,8.045334568121978e-17,0.1602878126633759,8.045334568121978e-17,False,PASS,PASS,True,True
crossing_ma4,near_delta_crossing,2,0.05625000000000004,-0.06786118866507997,0.0,0.0,9.520661157024792,0.07570963215986247,0.09306576455290827,False,9.353247206022635e-16,0.07545399554556984,9.353247206022635e-16,False,PASS,PASS,False,False
rare_beam_ma4,near_delta_rare_beam,2,0.12789491875259038,-0.015434089125285466,0.2729958464039008,3.286342850968536,8.21418064648546,0.20656326973360462,0.10955311389720941,False,0.10608777060696471,0.10850433315522362,0.10608777060696471,True,PASS,PASS,True,True
counterstream_ma8,near_delta_counterstream,2,0.0015116904058048906,-0.11706773112550219,0.0,0.0,16.42414791713076,0.08507557512157762,0.04943696531379992,False,1.811505911992038e-15,0.08441948629538656,1.811505911992038e-15,False,PASS,PASS,False,False
crossing_ma8,near_delta_crossing,2,0.006327334083239602,-0.10724837653517945,0.0,0.0,15.046530612244895,0.03757140621793697,0.08243644150706957,False,3.867960105279032e-16,0.038019342534288195,3.867960105279032e-16,False,PASS,PASS,False,False
rare_beam_ma8,near_delta_rare_beam,2,0.020727402541645682,-0.059309112002038845,0.8835600266400924,9.019722641043986,31.56491815051478,0.3094981425037095,0.10119223943535152,False,8.532674238369192e-15,0.2681110902019693,8.532674238369192e-15,False,PASS,PASS,True,True
counterstream_ma20,near_delta_counterstream,2,4.24820065101315e-05,-0.12639699506299962,0.0,0.0,17.73300740722497,0.015899549505393292,0.009621876538188662,False,2.0779991915734245e-34,0.015895828641527603,2.0779991915734245e-34,False,PASS,PASS,False,False
crossing_ma20,near_delta_crossing,2,0.0002002919811992695,-0.12453596041633311,0.0,0.0,17.47191147564853,0.007447870291513363,0.021551824376495884,False,9.032376864649454e-16,0.007469691170638934,9.032376864649454e-16,False,PASS,PASS,False,False
rare_beam_ma20,near_delta_rare_beam,2,0.0006246963247817812,-0.11095460845913083,3.6819587895115578,14.428165846381036,59.051181449394896,0.8203912612300935,0.029259900335139352,False,8.233046228196272e-14,0.5862097297256689,8.233046228196272e-14,False,PASS,PASS,True,True
counterstream_ma100,near_delta_counterstream,2,6.917967503853064e-08,-0.12822311441118978,0.0,0.0,17.989204858056723,0.0006525112906279188,0.000399380611516941,False,8.379679006256872e-16,0.000652511040431476,8.379679006256872e-16,False,PASS,PASS,False,False
crossing_ma100,near_delta_crossing,2,3.3428649059479245e-07,-0.12814623820142926,0.0,0.0,17.97841942445966,0.00031084058039307887,0.0009521618429301485,False,1.4614705691271626e-15,0.0003108796250673311,1.4614705691271626e-15,False,PASS,PASS,False,False
rare_beam_ma100,near_delta_rare_beam,2,1.0266483898475671e-06,-0.12753037832317168,73.66985770504883,16.016305823427423,67.87297630314748,0.8614974798864802,0.001321909836719344,False,7.193847000719719e-13,0.6099977876981563,7.193847000719719e-13,False,PASS,PASS,True,True
random_0000,random_multivariate_mixture,4,7.468007429787004e-06,-0.03556760772639685,18.44747247541368,4.585051769663183,5.4183624222879665,1.424217359888991,0.2153989220605252,False,23.160672013581685,6.668322355991767,6.668322355991767,True,PASS,PASS,True,True
random_0001,random_multivariate_mixture,2,0.00474868807278541,-0.040044475392558836,0.5123511136593015,4.1906956723263695,22.657096305272024,0.35022337975624207,0.23627166946439074,False,0.4088811245631663,0.11404812958348354,0.11404812958348354,True,PASS,PASS,True,True
random_0002,random_multivariate_mixture,3,0.004566117394880014,-0.038336894524887075,0.2000676036345596,2.1195111502616677,3.3185107132884286,0.1299616039430537,0.20253986506968127,False,0.09759553552716477,0.04986828146479701,0.04986828146479701,True,PASS,PASS,True,True
random_0003,random_multivariate_mixture,2,0.0007085670361470128,-0.06988302718280784,4.436183765033609,8.981263124357426,26.688726818017116,1.2316336388782887,0.4635101673839448,False,3.04358207637585,0.2882438638112493,0.2882438638112493,True,PASS,PASS,True,True
random_0004,random_multivariate_mixture,3,0.00016056838553701072,-0.04624336918179817,6.674547599639818,2.565808965424207,7.236413078291748,1.1905037630575788,1.01062366104438,False,2.6608050631022477,0.7468742129476184,0.7468742129476184,True,PASS,PASS,True,True
random_0005,random_multivariate_mixture,4,0.010592635688027022,-0.03974698200831659,1.8065743309428102,5.55935187008155,12.068644016017332,1.7103688924137295,0.6748340080621938,False,3.1048033921145732,1.0501470390044345,1.0501470390044345,True,PASS,PASS,True,True
random_0006,random_multivariate_mixture,3,0.010277723204331464,-0.08819129479872108,0.5596543988175985,2.271012256999051,9.623738611953593,0.3386190865394927,0.24828590318399163,False,0.388890595066567,0.10525531599875708,0.10525531599875708,True,PASS,PASS,True,True
random_0007,random_multivariate_mixture,2,0.04317936008150732,-0.01760669355909254,0.33876972920950177,2.5873035883766278,7.198678367595303,0.42379303532044116,0.5626442303957486,False,0.3017873181620537,0.16222479337875043,0.16222479337875043,True,PASS,PASS,True,True
random_0008,random_multivariate_mixture,4,9.029118585725666e-05,-0.05999580906274919,1.535397000286401,4.68869865565097,6.39856416921924,1.4475571361625783,0.2568482251368199,False,2.1864841741345233,0.9057877649122644,0.9057877649122644,True,PASS,PASS,True,True
random_0009,random_multivariate_mixture,2,0.0005068535727567075,-0.03216630757863392,0.19496058717780101,2.987273602043652,4.064980486175664,0.4253117502752249,0.35432658394880867,False,0.41906117296803636,0.07828499142514032,0.07828499142514032,True,PASS,PASS,True,True
random_0010,random_multivariate_mixture,3,1.677587105967363e-05,-0.08143445321855072,1.5265523129505103,1.2545638328749926,13.526262611342105,1.7517564363861402,0.8300646076893018,False,10.540790966995807,1.300953134118047,1.300953134118047,True,PASS,PASS,True,True
random_0011,random_multivariate_mixture,2,0.00026276906548988987,-0.10938065949304675,0.017272695349894722,0.38709920830710987,1.4225165730929148,0.17100380119375744,0.10923866539382135,False,0.061463501693752115,0.12565892430142359,0.061463501693752115,True,PASS,PASS,True,True
random_0012,random_multivariate_mixture,3,9.936957282808664e-05,-0.046751209483605324,23.280415429521153,4.639185567642904,6.217878482051568,1.783386453418294,0.5251207229633625,False,26.533212886738433,4.748859864062484,4.748859864062484,True,PASS,PASS,True,True
random_0013,random_multivariate_mixture,4,0.005277338745099072,-0.06942024863059629,0.8273197748272338,5.548035374529254,8.34538080378745,0.9413041896419084,0.2688314890334889,False,0.7329415392189631,0.4183211224736776,0.4183211224736776,True,PASS,PASS,True,True
random_0014,random_multivariate_mixture,4,0.00073666953130314,-0.10072749968776495,1.1251966669463211,0.5602781446931991,14.907472706299304,0.22778465163087447,0.17351986320553694,False,0.25137758444151465,0.08408984623249201,0.08408984623249201,True,PASS,PASS,True,True
random_0015,random_multivariate_mixture,2,8.912603156403604e-07,-0.11783933392806822,176.0509180282674,19.303036963561773,112.72260685158453,1.651826614980308,0.020898462630065593,False,32.18716277118079,6.845166178919108,6.845166178919108,True,PASS,PASS,True,True
random_0016,random_multivariate_mixture,4,0.001506605044340437,-0.06351139107443353,8.658389380528266,10.386672239122497,36.10583593250117,1.098945440047506,0.28480951413158706,False,1.4955352287522823,0.3840775552461488,0.3840775552461488,True,PASS,PASS,True,True
random_0017,random_multivariate_mixture,4,0.0013741561970479145,-0.053312624978710026,0.6442821221856532,7.687265577464865,34.957265192535395,0.6321911898662798,0.24149341191526644,False,0.42077044081865156,0.6771307237583746,0.42077044081865156,True,PASS,PASS,True,True
random_0018,random_multivariate_mixture,2,6.237404046348498e-07,-0.12469347922455458,30.72913934824339,8.22233247873018,5.40091621058676,inf,inf,True,inf,1.5788370151864248,1.5788370151864248,True,FAILED,PASS,True,True
random_0019,random_multivariate_mixture,4,0.005933508075314915,-0.012657804635613256,0.9690942050492178,4.446689212788479,13.825110133694576,1.4734347411777082,0.4906103342556035,False,9.084925012250112,1.1070740981126708,1.1070740981126708,True,PASS,PASS,True,True
random_0020,random_multivariate_mixture,4,0.005762983058729062,-0.07611756297978439,0.7048352943587394,1.3399245677097014,10.402302218565476,0.4252717546488306,0.5052861864285596,False,0.4231535419339354,0.07406856335360852,0.07406856335360852,True,PASS,PASS,True,True
random_0021,random_multivariate_mixture,2,4.1627574507462016e-05,-0.12041260382294451,6.882545871612039,4.1257343014185395,10.733298360085422,1.5066289861596325,0.16327082870041293,False,5.257090728696217,0.6494482043269197,0.6494482043269197,True,PASS,PASS,True,True
random_0022,random_multivariate_mixture,2,2.0119182012786087e-07,-0.12284757938698183,2.070071653905788,0.3007194930743399,17.070833438485096,0.5455561999362948,0.16934989867118594,False,0.3654632448719135,0.23432574562309763,0.23432574562309763,True,PASS,PASS,True,True
random_0023,random_multivariate_mixture,3,4.972889496026021e-05,-0.08660260110112222,13.698935881930861,3.4529889915436507,9.336167614713784,1.7493848799092597,0.407057377847454,False,100.97837438147403,18.463374592932574,18.463374592932574,True,PASS,PASS,True,True
random_0024,random_multivariate_mixture,2,7.120141665149712e-05,-0.11951209240991258,66.98027625930321,6.916371956057252,0.7341718734959342,1.4654649494400023,0.011991527980264488,False,5.58527795474252,3.380291250357565,3.380291250357565,True,PASS,PASS,True,True
random_0025,random_multivariate_mixture,3,0.0009522511466061427,-0.0907524828360417,34.9534123630045,2.4302712306579592,12.039047747541181,1.6192728940452668,0.2650520476281182,False,31.933967255076734,6.92587162667404,6.92587162667404,True,PASS,PASS,True,True
random_0026,random_multivariate_mixture,4,0.006191855650465544,-0.03426850365804816,1.4516582832460363,2.92591178211708,4.637427331485593,1.4436729667125974,0.7513571231842593,False,5.231045753674042,1.8043038896917518,1.8043038896917518,True,PASS,PASS,True,True
random_0027,random_multivariate_mixture,3,0.0002711559800843019,-0.10876443505020102,7.352494393722671,1.718154505204012,14.928592330476533,0.8880254908602356,0.07292858491667564,False,2.298741014530773,0.5500350781622773,0.5500350781622773,True,PASS,PASS,True,True
random_0028,random_multivariate_mixture,2,0.02889684760667593,-0.030133682364718348,0.49427501979293803,3.97891016264988,9.169228781750952,0.814067535074661,0.8426849192845938,False,1.338031005879885,0.38188668173966084,0.38188668173966084,True,PASS,PASS,True,True
random_0029,random_multivariate_mixture,3,0.00026696973160734934,-0.08076482665216166,1.9762731601514298,3.602372902729366,7.247630307372442,1.3376900730830446,0.420248993604224,False,2.591625629816173,0.5678733646415578,0.5678733646415578,True,PASS,PASS,True,True
random_0030,random_multivariate_mixture,2,0.00040905684221790174,-0.11409744773537751,0.010746957691604733,0.33569887949876015,1.5691545631821875,0.13573729617981892,0.08534570187681009,False,0.0748450007423946,0.09114220246146736,0.0748450007423946,True,PASS,PASS,True,True
random_0031,random_multivariate_mixture,2,0.004356682596412468,-0.07642094983662352,0.0748744374328329,1.0913787675060074,2.5704236701712735,0.22242090575387752,0.25558660728885124,False,0.17338201780993623,0.0942486505513124,0.0942486505513124,True,PASS,PASS,True,True
random_0032,random_multivariate_mixture,4,0.00015799934366531602,-0.06652038192083506,11.302716991423313,2.2410486561797147,9.909901746218344,1.1486723571823168,0.5401641079316744,False,6.63472853440694,6.77498969487552,6.63472853440694,True,PASS,PASS,True,True
random_0033,random_multivariate_mixture,4,5.579147625398637e-07,-0.12477805788956704,3.1962227752086902,5.715577630772497,5.510556216100809,0.7368703688141888,0.029861640387411452,False,0.9384947246594317,0.10164917304497643,0.10164917304497643,True,PASS,PASS,True,True
random_0034,random_multivariate_mixture,2,0.0004061700108934455,-0.1109995833287122,4.098209928068777,15.703508465402079,72.42007292761494,0.5871941867946154,0.021631243122586262,False,0.6819042083816358,0.5651306449448815,0.5651306449448815,True,PASS,PASS,True,True
random_0035,random_multivariate_mixture,2,4.883381207176196e-07,-0.1271814031200697,274.8106087059385,1.6004668044474821,16.99956611572837,0.8552223889827942,0.009573435644525341,False,3.653080853220007,1.3834850931381666,1.3834850931381666,True,PASS,PASS,True,True
random_0036,random_multivariate_mixture,4,0.000793656453757427,-0.09060635332062818,4.628347010869605,13.387558927174378,57.113420689383105,1.749029053037912,0.24207054265451503,False,2.0633178105032295,0.7591633037820236,0.7591633037820236,True,PASS,PASS,True,True
random_0037,random_multivariate_mixture,3,0.001441202573957758,-0.050730360289375734,0.18914487349812495,1.0041210084608319,8.940290891584713,0.25229547682502,0.3235401189563785,False,0.17848292285861062,0.17457449319238733,0.17457449319238733,True,PASS,PASS,True,True
random_0038,random_multivariate_mixture,3,5.476087173871162e-10,-0.08084253841592696,696.0056779365927,11.944673546248822,44.883887290111694,1.9706102137448698,0.49312088865617393,False,510.5177189613029,20.90268388578368,20.90268388578368,True,PASS,PASS,True,True
random_0039,random_multivariate_mixture,3,6.911893784185389e-06,-0.10039174594646293,29.950603414185107,18.64882223217719,118.21702677010556,1.9994552881380143,0.5643594256436898,False,1398.6063727386859,1.3144788917677872,1.3144788917677872,True,PASS,PASS,True,True
random_0040,random_multivariate_mixture,3,7.312908616740045e-06,-0.12174982483100472,22.6729805172993,3.0276582064019832,14.182122911774032,1.0933083817238465,0.023150480669508238,False,3.342781571491396,1.279137050821948,1.279137050821948,True,PASS,PASS,True,True
random_0041,random_multivariate_mixture,3,0.0008872102561451405,-0.05599594258513005,14.694530222092817,10.165052048251045,36.282848471995536,1.4813319871378348,0.16943259846881545,False,6.335040062819873,0.8112181444307724,0.8112181444307724,True,PASS,PASS,True,True
random_0042,random_multivariate_mixture,4,0.0015289059918421504,-0.056992753197717926,2.2265552851662966,14.116333803714795,87.5308799339402,1.8934181659946754,0.19144932188300193,False,8.360732247127538,0.20580611305630792,0.20580611305630792,True,PASS,PASS,True,True
random_0043,random_multivariate_mixture,3,1.2685928999863512e-06,-0.111910492540808,37.33209593512991,5.590784140349001,5.25220734986355,1.6174001518565737,0.08481394409720709,False,17.79434787885563,2.7310198094494926,2.7310198094494926,True,PASS,PASS,True,True
random_0044,random_multivariate_mixture,4,0.0015752744946245644,-0.09784070272653346,5.1044987443528,4.180333674546342,7.881365315109693,1.1489335571522634,0.08988418329984162,False,2.6904972192982095,0.7879681132391643,0.7879681132391643,True,PASS,PASS,True,True
random_0045,random_multivariate_mixture,4,0.0011425091717034994,-0.02493322182189845,0.8840346074342887,6.108473764835726,25.886056126926807,1.3606121308771693,0.6518793618551608,False,2.0046152537527946,0.7175719777407583,0.7175719777407583,True,PASS,PASS,True,True
random_0046,random_multivariate_mixture,3,0.0006987440939137356,-0.08299417729417173,7.032451685370759,1.466390803580169,12.486530928019961,1.3177861509751594,0.45000101067093184,False,5.950540750567462,1.2006694978085795,1.2006694978085795,True,PASS,PASS,True,True
random_0047,random_multivariate_mixture,4,0.0009526880985524299,-0.027311386181399364,1.2262561338746791,5.633889259527644,21.75541085286158,1.779152682570831,1.3473430465273353,False,3.4578349945854896,1.3716131722820246,1.3716131722820246,True,PASS,PASS,True,True
random_0048,random_multivariate_mixture,3,7.336387426584639e-05,-0.11615487463200053,21.42443477382861,2.069681391782474,15.272928936224355,1.1469489408079339,0.06680092591430062,False,2.560600295841733,0.6036020107870512,0.6036020107870512,True,PASS,PASS,True,True
random_0049,random_multivariate_mixture,3,6.934364976479705e-05,-0.10206766570061643,4.050428265729686,17.05228871139077,107.68317355260191,1.8963959908078283,0.32912571246293276,False,63.98138811914438,2.7081850619352963,2.7081850619352963,True,PASS,PASS,True,True
random_0050,random_multivariate_mixture,4,0.0002692659177895305,-0.11703118747759488,3.027164762269388,4.206860453350117,9.349326627593866,0.7046305186116085,0.027230448621714323,False,0.782502902487488,0.8512276227931778,0.782502902487488,True,PASS,PASS,True,True
random_0051,random_multivariate_mixture,4,0.00310161801385916,-0.0866036889930547,0.4631800813610513,1.4199355969942478,6.1914842152808,0.4318448463602427,0.5715726667210479,False,0.5096572117302008,0.20071609170055443,0.20071609170055443,True,PASS,PASS,True,True
random_0052,random_multivariate_mixture,2,8.893623577943216e-06,-0.11841829900323163,6.508743020859546,16.97333850860794,84.60414629970934,1.9022284658840785,0.08844808018227758,False,23.993352408491774,0.36196657080397593,0.36196657080397593,True,PASS,PASS,True,True
random_0053,random_multivariate_mixture,2,4.269806715164452e-09,-0.12826167312730946,2772.2815642422215,13.069917731574654,38.95567066525018,inf,inf,True,inf,1.2706104107545317,1.2706104107545317,True,FAILED,PASS,True,True
random_0054,random_multivariate_mixture,2,7.038354560530285e-05,-0.05856221888621249,0.3605386954907472,6.00983228557987,30.043316928756,0.7312379945095506,0.9096907105314957,False,0.6282386104796046,0.14702391802610898,0.14702391802610898,True,PASS,PASS,True,True
random_0055,random_multivariate_mixture,2,0.0009028742109336953,-0.07537272243397038,0.5218656146219547,1.012822215859619,12.441757570034282,0.11256840078120099,0.143628192999399,False,0.15945525066658825,0.0937937475074162,0.0937937475074162,True,PASS,PASS,True,True
random_0056,random_multivariate_mixture,4,0.0011915292739482816,-0.03680444345989878,3.6923876529124087,3.5585260264030802,5.118812858163631,1.7597935688768787,0.6042938497192458,False,6.966153267439211,0.8623643364851814,0.8623643364851814,True,PASS,PASS,True,True
random_0057,random_multivariate_mixture,2,3.5792066006730174e-06,-0.11045802821417398,0.059010479106905656,0.6970924333241552,1.2863253751499182,0.147912815228187,0.15811168868070558,False,0.07146899275847159,0.12637456244762035,0.07146899275847159,True,PASS,PASS,True,True
random_0058,random_multivariate_mixture,3,5.818896107876526e-06,-0.10948775574271534,22.821285630631305,5.83077467460934,2.2451291263909634,1.1438958998591444,0.09464635526134833,False,12.721701101027728,8.19309008217112,8.19309008217112,True,PASS,PASS,True,True
random_0059,random_multivariate_mixture,4,3.159827568131508e-05,-0.06947839026548949,1.5699949940376232,4.287338214897875,7.181966634372653,1.9132989458789769,0.7434015332242724,False,13.331184356787286,0.5082433719184862,0.5082433719184862,True,PASS,PASS,True,True
random_0060,random_multivariate_mixture,3,0.06154056585271994,-0.019709030277632367,0.08266765170820944,2.8189098916602155,40.572320895537764,0.3936468577489779,0.8309840183605645,False,0.2550866245692526,0.17607511998536698,0.17607511998536698,True,PASS,PASS,True,True
random_0061,random_multivariate_mixture,2,0.00011561926129203554,-0.06295401858513709,0.18885104278452633,3.353543307998444,18.630702975819954,0.1868690802041763,0.1125001386320796,False,0.2834682570921419,0.2087728830148949,0.2087728830148949,True,PASS,PASS,True,True
random_0062,random_multivariate_mixture,4,0.00029435543229606445,-0.08744576253891631,1.7191000224474318,6.180636905247066,6.983227067116352,1.0464260518191515,0.19038094768315475,False,1.5537192400383728,0.4493651688543756,0.4493651688543756,True,PASS,PASS,True,True
random_0063,random_multivariate_mixture,3,4.554174359219216e-08,-0.11491233722233951,185.97978894263917,8.488639847235227,9.20144434417463,1.8915311358717128,0.12228584975777439,False,147.99859131133616,5.928306056261923,5.928306056261923,True,PASS,PASS,True,True
random_0064,random_multivariate_mixture,2,0.00010677071312269983,-0.0410480374454904,0.07715833132992295,1.0757216587534835,2.886036688610716,0.14004836807925136,0.2056509292426786,False,0.15328998908855287,0.05844965682540941,0.05844965682540941,True,PASS,PASS,True,True
random_0065,random_multivariate_mixture,2,1.792314578961398e-08,-0.12795376920771043,82.92210090909803,2.444278775871832,15.8129099266475,0.7124233752849912,0.009493580467645243,False,2.5160997689270115,3.1704343530836456,2.5160997689270115,True,PASS,PASS,True,True
random_0066,random_multivariate_mixture,4,0.00017584011130119908,-0.08253315524068353,17.18702751209297,6.436862482592518,13.652806355803225,1.888783724088079,0.705637235845094,False,21.051763585478547,0.5453227743335558,0.5453227743335558,True,PASS,PASS,True,True
random_0067,random_multivariate_mixture,3,0.0028409435127410296,-0.04696641945152435,0.03469347311722369,0.3388529965238104,0.6041610840441325,0.05430887517394479,0.06049462425670148,False,0.04790845324285164,0.030118797437007013,0.030118797437007013,True,PASS,PASS,False,False
random_0068,random_multivariate_mixture,2,1.0141129977061927e-05,-0.10974315253834743,1.489130415406973,5.009557531337042,2.7607626934843315,1.031803707228702,0.12988751154144224,False,0.626170164673259,0.5076463177014614,0.5076463177014614,True,PASS,PASS,True,True
random_0069,random_multivariate_mixture,4,0.041884499795430484,-0.00921410455922665,0.22744630620106376,2.7495339462396093,10.18904283951087,0.3268752330257841,0.7362829990569115,False,0.2566564764605814,0.10962801559278486,0.10962801559278486,True,PASS,PASS,True,True
random_0070,random_multivariate_mixture,4,0.002008958460350065,-0.04488283598552448,2.1790175552037905,1.9739627139398181,8.452875600142379,1.665316522311245,0.6267139850038314,False,2.7800877959654433,1.5896788003231508,1.5896788003231508,True,PASS,PASS,True,True
random_0071,random_multivariate_mixture,2,3.3469609788890166e-05,-0.09393929142313459,1.9825406384952835,2.6270987841069453,10.38786387063899,0.49171559797983816,0.10195558397940091,False,0.6947402783598905,0.36366061590262344,0.36366061590262344,True,PASS,PASS,True,True
random_0072,random_multivariate_mixture,2,0.0001008827529105607,-0.11831611883550722,0.20460095708442982,0.8113730164737646,7.486014793885571,0.039268224215616716,0.04824961436716507,False,0.09459097331694513,0.09946669317076531,0.09459097331694513,True,PASS,PASS,False,False
random_0073,random_multivariate_mixture,4,0.004931100245786558,-0.02570138504375991,0.14370763126030367,2.8251725971489887,21.96072785939932,0.10416038084454336,0.05604774666638205,False,0.12475320376810943,0.13070636407001043,0.12475320376810943,True,PASS,PASS,True,True
random_0074,random_multivariate_mixture,4,0.002592348285881701,-0.08331667513612652,3.747030449904767,1.4934024288961376,11.290619788380052,0.8785870604131135,0.45520718835691365,False,0.6877287882574952,0.2706631768577515,0.2706631768577515,True,PASS,PASS,True,True
random_0075,random_multivariate_mixture,3,0.0008235333823466994,-0.08167847139576359,0.658488449964627,2.920632893475684,11.983629563146431,1.836437961379822,1.3085130952698274,False,3.371087055657207,1.1977356422192837,1.1977356422192837,True,PASS,PASS,True,True
random_0076,random_multivariate_mixture,4,0.0028685217040193304,-0.04908478171702869,0.33016974246406344,4.557135730920085,13.989210304527512,0.43061722578100986,0.3322513590957375,False,0.388774594111412,0.12802341059298486,0.12802341059298486,True,PASS,PASS,True,True
random_0077,random_multivariate_mixture,3,0.0001131016503450847,-0.10582263881036781,73.5510518741866,8.648534642264304,12.330117336424832,1.8659703073589315,0.28565712330722176,False,120.89251893071636,4.422296425414592,4.422296425414592,True,PASS,PASS,True,True
random_0078,random_multivariate_mixture,2,0.001926385786494317,-0.08455727222639436,1.5506763962282886,6.314492638485354,7.416046787678793,1.599351783865217,0.6543452676126369,False,4.444631052995629,0.643597737426307,0.643597737426307,True,PASS,PASS,True,True
random_0079,random_multivariate_mixture,4,0.0021049862498885535,-0.0776802666279034,2.5742761360121347,7.049257219624346,8.985494130712187,1.736502200559796,0.26080438541540474,False,4.300205465660395,1.5224987836245485,1.5224987836245485,True,PASS,PASS,True,True
random_0080,random_multivariate_mixture,4,0.0026462644490679735,-0.01939095268671012,1.435036499945062,3.2503417470460327,3.171225926403629,1.4120871373964083,0.6761252320429321,False,2.6037910941278146,0.6362179370063866,0.6362179370063866,True,PASS,PASS,True,True
random_0081,random_multivariate_mixture,4,0.0016537531852249465,-0.0980161452353014,0.20449456958201714,1.002343939567691,12.822941289248647,0.18136700305462758,0.42917561138462745,False,0.314506564583576,0.2724604231624707,0.2724604231624707,True,PASS,PASS,True,True
random_0082,random_multivariate_mixture,3,0.03700495042999004,-0.015622011428714408,0.11322820366547076,1.559850143004984,3.9356983716878133,0.18786000838972688,0.7432069721511464,False,0.12442278665467449,0.07679178557287819,0.07679178557287819,True,PASS,PASS,True,True
random_0083,random_multivariate_mixture,4,6.7018565458410245e-06,-0.05858614760535293,20.68019917503814,12.786448516893765,60.813294571389335,inf,inf,True,inf,0.3795389575633035,0.3795389575633035,True,FAILED,PASS,True,True
random_0084,random_multivariate_mixture,3,1.6367941241137393e-05,-0.11290402736149269,0.5091419026973585,5.599693896529596,20.631851607634687,0.09786350872720874,0.12019385842917658,False,1.275109359864494,1.4594731071019977,1.275109359864494,True,PASS,PASS,False,False
random_0085,random_multivariate_mixture,4,3.6689921092595175e-05,-0.08595952581991312,2.7542706876283924,3.0635010479775855,8.807357554938756,1.81771550862973,0.6755330290834124,False,4.451580231873073,2.188829480549029,2.188829480549029,True,PASS,PASS,True,True
random_0086,random_multivariate_mixture,3,0.07418609784962546,-0.025867949553247945,0.05156987153423577,0.40771079967519425,0.8788454792259008,0.03636669534740912,0.07679812336317242,False,0.04608620934555406,0.020351028212875225,0.020351028212875225,False,PASS,PASS,False,False
random_0087,random_multivariate_mixture,3,0.0006601746206986079,-0.07459672634062649,2.4934647112101445,10.192904735377386,33.18334073457757,1.5388686021448204,0.8040776770926776,False,4.741839061800938,0.38627559859722327,0.38627559859722327,True,PASS,PASS,True,True
random_0088,random_multivariate_mixture,4,0.0006542819020717482,-0.04904502919224542,0.07802817889545316,1.5898417366098077,6.1061543505045766,0.10276666101935339,0.1493741061062604,False,0.07669978048381323,0.047668675135637696,0.047668675135637696,True,PASS,PASS,True,True
random_0089,random_multivariate_mixture,2,0.0022955131086422713,-0.10594103679618919,3.5398744327043064,2.3541727366229153,13.502633083237468,0.9856802238177879,0.3080592473900132,False,1.7577975675152215,0.3235276955015209,0.3235276955015209,True,PASS,PASS,True,True
random_0090,random_multivariate_mixture,2,0.005616004108004028,-0.026663599935061715,0.06852436159405004,0.6183299710838505,2.4047644680904607,0.06087779089470322,0.09379312348799601,False,0.034024831747468676,0.04247169256373688,0.034024831747468676,True,PASS,PASS,False,False
random_0091,random_multivariate_mixture,4,0.00016514387015921148,-0.05238612226697762,2.0377450912636546,3.278704349767989,7.5782628688428275,1.6810022413147,0.35962115437101627,False,3.594532245720736,0.944962081518377,0.944962081518377,True,PASS,PASS,True,True
random_0092,random_multivariate_mixture,3,0.005779058090597966,-0.00862957184214908,0.9275679351729273,11.648176801766175,94.72477922846569,1.2647330968664015,0.14584573045361518,False,1.573627647426224,0.5805314230488858,0.5805314230488858,True,PASS,PASS,True,True
random_0093,random_multivariate_mixture,2,0.0007431754610014259,-0.05214486003353941,0.9426724766754603,3.1077778662685054,5.460111849212,1.1038135496393249,0.6701060817496695,False,1.286147477910398,0.26200622894863634,0.26200622894863634,True,PASS,PASS,True,True
random_0094,random_multivariate_mixture,4,0.001218595329242275,-0.07636577495473067,1.3580941805136804,1.8525075291479152,10.988668555850637,1.10489403608029,0.2659666122873791,False,1.333849675553652,0.406250031674668,0.406250031674668,True,PASS,PASS,True,True
random_0095,random_multivariate_mixture,2,9.937966754944034e-05,-0.11790648558507523,0.33937507393877314,2.552495598048514,10.370219110830433,0.24963931657262795,0.08810280355125553,False,0.07761736815938743,0.23328581920637007,0.07761736815938743,True,PASS,PASS,True,True
random_0096,random_multivariate_mixture,2,0.0003757598799345756,-0.06905841908345463,0.3738073153568972,3.060020760268143,5.600488319739218,0.24041622748143887,0.24742132310401038,False,0.23509412830920481,0.12868843331511903,0.12868843331511903,True,PASS,PASS,True,True
random_0097,random_multivariate_mixture,4,0.03994517078178443,-0.010726890358089955,0.14369251800176802,3.141190283795438,19.140805840094853,0.25871023608700183,0.6286121354520807,False,0.19506452303780658,0.15941373710587045,0.15941373710587045,True,PASS,PASS,True,True
random_0098,random_multivariate_mixture,3,0.0034433239380166404,-0.03377936167529273,0.6006409228752251,3.309887220204918,3.4825312799948387,1.4436924275368075,0.7074299380022193,False,2.0436408680314067,1.0429006418313669,1.0429006418313669,True,PASS,PASS,True,True
random_0099,random_multivariate_mixture,3,0.0005643054474406623,-0.06385716909992319,1.8851404436125279,5.783148277008151,12.978531413498168,1.012627196493314,0.3438587036303398,False,0.5069336302738537,0.8217147737180549,0.5069336302738537,True,PASS,PASS,True,True
random_0100,random_multivariate_mixture,4,0.011329901486032638,-0.03523021214638987,0.3617216042943074,2.5042451164881534,11.751739269574053,0.5361596746063743,0.813011714758696,False,0.39151067246379684,0.18329494580969483,0.18329494580969483,True,PASS,PASS,True,True
random_0101,random_multivariate_mixture,4,0.00014752046820387907,-0.073296205863675,2.5268884521389863,7.33147185423341,16.818260796019203,1.8577420299157927,0.3890154491875539,False,0.8881655652588499,3.852564205191174,0.8881655652588499,True,PASS,PASS,True,True
random_0102,random_multivariate_mixture,4,0.003499441831266537,-0.07341013398997355,0.7611401579788335,2.2126157401832134,9.281027801490847,0.6375809072469614,0.25321603482330746,False,1.1566419870440094,0.321628887039209,0.321628887039209,True,PASS,PASS,True,True
random_0103,random_multivariate_mixture,4,0.0008490264033620752,-0.02844583646141657,0.5907588133200462,10.548654373532571,84.42658284305128,1.509775731335299,1.0787767404592936,False,1.6737655855151508,0.24572960426602755,0.24572960426602755,True,PASS,PASS,True,True
random_0104,random_multivariate_mixture,2,0.020485037702776668,-0.03078423859311986,0.3596551149318481,2.5084379928613783,2.9058946391949654,0.6890742609773235,0.38674275740756253,False,1.0479484213935688,0.07470759272639829,0.07470759272639829,True,PASS,PASS,True,True
random_0105,random_multivariate_mixture,3,0.0027394980277204665,-0.025085492115176085,0.16569055737885305,2.0256870977286474,3.7043426991957262,0.6078585008723396,0.7028728474413267,False,0.5477448361939221,0.1243453559643646,0.1243453559643646,True,PASS,PASS,True,True
random_0106,random_multivariate_mixture,3,0.002724816830709287,-0.038091565422667256,0.162133789202473,2.7287045529042704,6.576403273496731,0.23716811081990835,0.18178337182210663,False,0.19050515966008819,0.06603293408278296,0.06603293408278296,True,PASS,PASS,True,True
random_0107,random_multivariate_mixture,3,0.05129566255336071,-0.0183693939344096,0.20876464634522404,2.204945821932757,11.051195119633867,0.3740780275758459,0.8548379236139773,False,0.5422264375610621,0.334192052756844,0.334192052756844,True,PASS,PASS,True,True
random_0108,random_multivariate_mixture,2,0.0008068632437173896,-0.11166115083976826,0.006996860276009573,0.2647502149724335,0.7584496724635522,0.08279388876663955,0.056318339173616866,False,0.020994089904421552,0.069552258108086,0.020994089904421552,False,PASS,PASS,False,False
random_0109,random_multivariate_mixture,2,1.5338441605452109e-06,-0.12783009802154266,3651.915254178394,1.6523731395805676,17.042065177912853,1.6197535793029816,0.0019867196597445785,False,13.844063230454902,1.8175622171522596,1.8175622171522596,True,PASS,PASS,True,True
random_0110,random_multivariate_mixture,3,0.02544874148485424,-0.028554267716831554,0.8288394776574285,3.5654882878388676,5.210338038293181,1.2348415231284773,0.612914251239392,False,3.3891289331116194,0.747482096551563,0.747482096551563,True,PASS,PASS,True,True
random_0111,random_multivariate_mixture,3,0.00011678422080668875,-0.10377597039603524,26.05012333510487,5.780013160028521,3.9039335082783095,1.288950715079424,0.07848474521632837,False,6.330773284534973,1.060981875756422,1.060981875756422,True,PASS,PASS,True,True
random_0112,random_multivariate_mixture,2,0.00010283523249148766,-0.04471044599106922,0.3101008175322364,2.734208946276929,5.134434616539037,0.7330053723593073,0.8647314266693524,False,0.5143733271252057,0.2993211163286567,0.2993211163286567,True,PASS,PASS,True,True
random_0113,random_multivariate_mixture,4,0.01876692443261053,-0.033446347488991536,0.16642225280611245,1.2956810265605965,4.352993362224407,0.2659475989876029,0.35021020117109697,False,0.39172142064409016,0.16357789871429007,0.16357789871429007,True,PASS,PASS,True,True
random_0114,random_multivariate_mixture,3,0.0015927755383912437,-0.10280274451744331,0.03457646969911073,0.578849031732243,3.0950154520967423,0.24364719419863534,0.15606361331182433,False,0.07415421535913556,0.1754655227514747,0.07415421535913556,True,PASS,PASS,True,True
random_0115,random_multivariate_mixture,2,0.00014854647319084756,-0.1232351684598776,7.020415855887342,1.3786987239603021,16.756440941211995,0.5158053260738557,0.018555557499347643,False,0.5703887473386233,0.17889016321352497,0.17889016321352497,True,PASS,PASS,True,True
random_0116,random_multivariate_mixture,3,0.0009443667828848659,-0.06280904688095937,2.3317997199756824,18.72917580404925,162.34281097561322,1.9116841151601434,0.32267575784960273,False,17.550760452231028,1.1798118368890225,1.1798118368890225,True,PASS,PASS,True,True
random_0117,random_multivariate_mixture,2,6.569649643880058e-05,-0.125966052327043,3.823178009470771,2.2177953331140303,15.742720903191811,0.3307565951918804,0.013831210060939113,False,0.23849498678732492,0.15005165149627497,0.15005165149627497,True,PASS,PASS,True,True
random_0118,random_multivariate_mixture,3,0.0002114614840025605,-0.08217217908175214,1.0422708298004473,1.9068016548823088,12.48056763863025,1.2701234528011285,0.5969128694654262,False,2.7763173545161823,0.3395472556624872,0.3395472556624872,True,PASS,PASS,True,True
random_0119,random_multivariate_mixture,3,0.0031889200235043244,-0.057887750983241566,0.3884470595464568,2.7744482923249385,5.084935029952168,0.5716280294222107,0.327827652580194,False,0.5586976034634755,0.3135342271008533,0.3135342271008533,True,PASS,PASS,True,True
random_0120,random_multivariate_mixture,3,0.004760550286351055,-0.08153574229130055,0.9910528575010656,8.060276880516804,20.740568169769695,0.7175280317458836,0.22156406045532537,False,1.082015823152528,0.10866829403606354,0.10866829403606354,True,PASS,PASS,True,True
random_0121,random_multivariate_mixture,2,2.8103694443129836e-08,-0.127253904513107,106.81976064369059,4.284604883817908,11.641138787880756,1.0367323587012314,0.0031482377284012724,False,1.789872924946198,2.638116474788215,1.789872924946198,True,PASS,PASS,True,True
random_0122,random_multivariate_mixture,4,0.00591445451425028,-0.030734664383725154,0.08090015679324745,0.9296220539947554,3.571070589906216,0.09547932229569281,0.19435978686808064,False,0.09627891309932317,0.061347164639644146,0.061347164639644146,True,PASS,PASS,False,False
random_0123,random_multivariate_mixture,4,0.0009340719252400404,-0.0609396078884292,3.5363540806757507,4.405422084299486,10.346930453842504,1.0449947865615234,1.0053847074100146,False,1.679902969235574,0.27408811591015886,0.27408811591015886,True,PASS,PASS,True,True
random_0124,random_multivariate_mixture,2,0.00018244296225332184,-0.10696010741220749,0.24792421914521842,1.0596389257362535,11.217376354344959,0.2127264781257579,0.2220456632247638,False,0.15119712926725698,0.12583309506060844,0.12583309506060844,True,PASS,PASS,True,True
random_0125,random_multivariate_mixture,2,0.0019567226478584983,-0.09480697195869409,0.20266550583127108,1.8879977896220883,7.621556458953407,0.6890881337453225,0.5565961490201397,False,0.5593220380841527,0.23035649424150845,0.23035649424150845,True,PASS,PASS,True,True
random_0126,random_multivariate_mixture,4,0.10134037919416243,-0.0046285921518156945,0.05256136925977901,1.7194529776542682,5.759963186763335,0.12545447015295258,0.44526342713995976,False,0.14414783603830594,0.028249397191899023,0.028249397191899023,False,PASS,PASS,True,True
random_0127,random_multivariate_mixture,4,0.00020928138668838782,-0.0350699706055227,1.026830868317571,4.651245294423026,13.12128646266438,1.333902256221622,0.9507013460775121,False,2.2969708990213906,0.5785211988576178,0.5785211988576178,True,PASS,PASS,True,True
random_0128,random_multivariate_mixture,2,0.00011335361979825703,-0.12015169345155353,9.883056416400184,5.932571138389856,4.89316523551469,1.2531182831077246,0.09448549252042672,False,3.3565867235878772,0.5597662179359514,0.5597662179359514,True,PASS,PASS,True,True
random_0129,random_multivariate_mixture,3,1.2422440064414114e-06,-0.11025179879086498,9.715564233585566,8.510630182168647,9.897112237332427,1.4993767744468502,0.06742964447354555,False,2.689518998404363,1.0746039884264673,1.0746039884264673,True,PASS,PASS,True,True
random_0130,random_multivariate_mixture,3,0.0006713524832133405,-0.061477639750209444,0.09213987819495739,1.5082774567008619,3.8682645347175373,0.10421363508374953,0.15671553323289783,False,0.09653594545173322,0.043272167124876776,0.043272167124876776,True,PASS,PASS,True,True
random_0131,random_multivariate_mixture,3,1.4885423426361096e-05,-0.11907011158730309,64.25741506629379,5.493035110385656,6.55475004423603,1.5554150537388163,0.05115028295532165,False,12.745653147308566,4.887311452234221,4.887311452234221,True,PASS,PASS,True,True
random_0132,random_multivariate_mixture,2,2.8185924880202493e-05,-0.12239513410416772,134.70308722202026,6.343191763287147,3.4160414630087854,1.2724574089452494,0.020046554450012157,False,6.17257925826199,3.8459337949785826,3.8459337949785826,True,PASS,PASS,True,True
random_0133,random_multivariate_mixture,4,0.00552525645308222,-0.01968003578679474,0.6605652301543605,2.6873821799076736,4.41123470098801,1.3816897655540725,0.618005710225221,False,2.059548154606578,0.47225689370471247,0.47225689370471247,True,PASS,PASS,True,True
random_0134,random_multivariate_mixture,4,0.0448455909541048,-0.015084211918752042,0.4530049781605195,3.24319932538435,6.279480926485934,1.0241032772517324,0.6841607052909313,False,1.9800301332352146,0.3960983168666441,0.3960983168666441,True,PASS,PASS,True,True
random_0135,random_multivariate_mixture,2,0.0046506639893348755,-0.029422056770572566,0.39679247401709317,4.197825261658718,12.776053359302955,0.7183765682417312,0.26757615349485875,False,0.30254288645589295,0.5878130946727989,0.30254288645589295,True,PASS,PASS,True,True
random_0136,random_multivariate_mixture,3,0.00033847158079912274,-0.1070437065090302,0.4204930233547148,1.1930275410518234,9.515286308970703,1.026905298326113,0.3915142420791063,False,1.2508650377049566,0.8033698789799691,0.8033698789799691,True,PASS,PASS,True,True
random_0137,random_multivariate_mixture,2,9.797147531103527e-07,-0.1209864247503987,5.202423145192914,7.840676854533541,5.914298014127409,1.666653346908931,0.11482849402554204,False,11.398388350304469,0.8001639793584171,0.8001639793584171,True,PASS,PASS,True,True
random_0138,random_multivariate_mixture,3,7.779906622045688e-05,-0.034453326440348396,1.9946659391911008,19.128954924156407,186.67036342996366,1.9555121808760096,0.2524917636244734,False,2.7438918625924233,1.1472952905404092,1.1472952905404092,True,PASS,PASS,True,True
random_0139,random_multivariate_mixture,3,0.00011787137556003555,-0.1210516381336605,2.057525571291693,4.671744989663623,8.364472779246729,1.2277661315057045,0.07805446619565523,False,3.0573590142272877,1.1894724529721328,1.1894724529721328,True,PASS,PASS,True,True
random_0140,random_multivariate_mixture,3,0.00038937640268786285,-0.07086002278730057,2.0839262842066173,5.3177098039740205,5.428892514605505,1.4929985241052492,0.4648968167719315,False,3.5960234218743263,0.7607453448435173,0.7607453448435173,True,PASS,PASS,True,True
random_0141,random_multivariate_mixture,3,2.0852677416476686e-05,-0.10015363081046968,246.99330563297545,6.4565099569853865,4.088712153063062,1.8134268484666727,0.14118752888099242,False,178.2802842658098,43.619910002964176,43.619910002964176,True,PASS,PASS,True,True
random_0142,random_multivariate_mixture,4,0.0018915470049138624,-0.0758339416111912,0.7258307355456055,1.1620980794699038,11.1213285916587,0.7696558083272825,0.4759352929959412,False,1.0095370277948679,0.29059638973372975,0.29059638973372975,True,PASS,PASS,True,True
random_0143,random_multivariate_mixture,3,0.00032151870605716474,-0.08950641673268211,0.7151904564122251,4.790676303803677,2.3618157530328565,0.21893564523225326,0.0851049451254516,False,0.6700539670460552,0.857172812758928,0.6700539670460552,True,PASS,PASS,True,True
random_0144,random_multivariate_mixture,4,0.00023995357816963744,-0.10040601826962578,2.4623739076712203,1.1098861718406967,14.507018085916748,0.7688503494313437,0.2642766011269126,False,1.0684512508292339,0.21399950812229016,0.21399950812229016,True,PASS,PASS,True,True
random_0145,random_multivariate_mixture,3,0.0010978256957603928,-0.04929831058137874,0.7482525917489704,2.48302798863028,6.66324495579196,1.0530497625930977,0.7436852836203529,False,3.7081384811803266,0.9137557770249773,0.9137557770249773,True,PASS,PASS,True,True
random_0146,random_multivariate_mixture,2,0.00074167238055189,-0.11374100992233174,5.689450972849623,4.470466153204833,9.221824190808759,1.2774201054380552,0.16812713584096295,False,2.265925774566657,0.4345104852215277,0.4345104852215277,True,PASS,PASS,True,True
random_0147,random_multivariate_mixture,2,0.005873590089014858,-0.0272658490478712,0.32351502698526724,5.82432716868752,40.52068166485557,0.23677929451855967,0.5308458749196283,False,0.5045595784445203,0.7494972439452159,0.5045595784445203,True,PASS,PASS,True,True
random_0148,random_multivariate_mixture,3,0.005455734249251244,-0.059329422566527054,0.2199682810879839,1.521483239673389,4.121365705745152,0.4495069009813068,0.7286703573198113,False,0.35816401476965776,0.1151904481109091,0.1151904481109091,True,PASS,PASS,True,True
random_0149,random_multivariate_mixture,4,1.0578458843121651e-05,-0.04550271053259744,40.40948120457464,3.6562847346062144,9.628015185694244,1.9464180941547575,1.1392057047225281,False,34.45126165261759,2.5056821201785486,2.5056821201785486,True,PASS,PASS,True,True
random_0150,random_multivariate_mixture,2,0.00027288688426307527,-0.058291873465015555,0.3031613850868231,2.8125717012052225,10.687134764090391,0.4560250496549631,0.632793499014187,False,0.38328552989316045,0.10871540932582821,0.10871540932582821,True,PASS,PASS,True,True
random_0151,random_multivariate_mixture,2,7.64191861464489e-06,-0.12247972645234984,7.743374297972891,28.487855172139113,260.62658642891614,1.8922061319001364,0.08206008441017025,False,39.59239272825563,0.6464447165916511,0.6464447165916511,True,PASS,PASS,True,True
random_0152,random_multivariate_mixture,2,0.0010494651434354543,-0.08049665752582254,1.1197202232559673,16.83528339205542,118.35538383911815,1.5106659127728999,0.10026112686812416,False,1.5192411860391208,0.4769688051940511,0.4769688051940511,True,PASS,PASS,True,True
random_0153,random_multivariate_mixture,3,2.28813678547125e-06,-0.09514907763128344,3.711133527332895,6.0719565490262655,4.9199591096420425,1.349998016463143,0.2756599468240314,False,2.6734997712805804,0.30615166957189105,0.30615166957189105,True,PASS,PASS,True,True
random_0154,random_multivariate_mixture,4,0.0012684588235704053,-0.06915644220421868,3.3621950388169974,3.7756979953426466,6.278629488584301,1.3803771504824445,0.4170364692529363,False,5.116434997953078,1.1540117724814436,1.1540117724814436,True,PASS,PASS,True,True
random_0155,random_multivariate_mixture,4,0.0004073510810117033,-0.05603935385049521,2.7756396641393692,2.620596757743917,8.784656234181389,1.7904120505458636,0.817717697520754,False,7.963084714299833,0.8923781551353637,0.8923781551353637,True,PASS,PASS,True,True
random_0156,random_multivariate_mixture,4,0.007224975105399159,-0.08916189811901926,0.827698101924528,1.8712837816879466,10.375349922739433,0.45911342092212043,0.0887682073928007,False,0.45463259131844114,0.5578712344705034,0.45463259131844114,True,PASS,PASS,True,True
random_0157,random_multivariate_mixture,3,8.270116873983221e-06,-0.06403501783365106,11.19787546071119,4.9259288749422385,16.883726060631975,1.9987310966328071,1.3076244311093586,False,424.33677556752605,3.8464670415339186,3.8464670415339186,True,PASS,PASS,True,True
random_0158,random_multivariate_mixture,4,0.001168323777555548,-0.06599914023933345,0.943491791343204,2.362960274400831,12.757400011479001,1.4345957868093806,0.3836006520325982,False,0.756319216092509,0.6517223433463012,0.6517223433463012,True,PASS,PASS,True,True
random_0159,random_multivariate_mixture,3,9.457345761675177e-06,-0.11584412652249222,7.27923216071575,14.794973355547073,60.00608305758012,inf,inf,True,inf,0.37002611825338005,0.37002611825338005,True,FAILED,PASS,True,True
random_0160,random_multivariate_mixture,2,0.000614513183985585,-0.11266962111035088,1.1981394959725227,0.8208895951023782,14.62944506902456,0.14874145824603122,0.12131898306978761,False,0.16839475676062116,0.16592066335077024,0.16592066335077024,True,PASS,PASS,True,True
random_0161,random_multivariate_mixture,4,0.00010188990052324901,-0.04202489848251209,2.4603015383912514,10.05870895893924,45.805989624241924,1.77642490243886,0.1964216413469359,False,3.549698545976576,0.759717096083392,0.759717096083392,True,PASS,PASS,True,True
random_0162,random_multivariate_mixture,2,2.1866186887989354e-07,-0.12778535876567307,4.251065488208338,0.29650098483812026,17.864690073418807,0.037799607388361044,0.007078566084564984,False,0.05270667730897943,0.02119564026006964,0.02119564026006964,False,PASS,PASS,False,False
random_0163,random_multivariate_mixture,4,6.026989344338016e-05,-0.06677232000216207,4.7774129785962165,4.954868813454112,5.018292263413854,1.646939777384803,0.39003308897585326,False,3.8083697212459393,0.6606054412410841,0.6606054412410841,True,PASS,PASS,True,True
random_0164,random_multivariate_mixture,4,0.0001068636491015019,-0.08868870867366362,4.872815802371712,3.9702066709806063,8.1145781903456,1.6494453898422834,0.12990896229892585,False,2.102990052852506,0.6846205274137043,0.6846205274137043,True,PASS,PASS,True,True
random_0165,random_multivariate_mixture,3,0.0001648366326471065,-0.07002324512273841,2.3583616620045555,2.494582842266228,10.043767544794667,1.784592364170996,0.7013161212147669,False,12.12411587153834,0.31843023745847854,0.31843023745847854,True,PASS,PASS,True,True
random_0166,random_multivariate_mixture,2,0.0423732082957923,-0.04435991028950669,0.026442513058749208,0.7665619618681371,1.8587583028297165,0.0983803050549513,0.13044207896720772,False,0.07420735449219991,0.03768512194832946,0.03768512194832946,True,PASS,PASS,True,False
random_0167,random_multivariate_mixture,3,0.001475930382278006,-0.0595772571703376,0.5988213825890446,1.779770608446469,9.061474345428866,0.5392950628806308,0.33933002995813744,False,0.6684571970994698,0.20224344826199137,0.20224344826199137,True,PASS,PASS,True,True
random_0168,random_multivariate_mixture,2,0.0033868964034716436,-0.06590970723997745,0.3382808610966322,1.885272183479672,8.253322340863662,0.5567078128886332,0.6215216221472228,False,0.4741137418849145,0.17393476799447471,0.17393476799447471,True,PASS,PASS,True,True
random_0169,random_multivariate_mixture,4,0.0009181457196534226,-0.03469248120566826,0.4303969468575181,5.331991878472229,26.285255496160165,1.5872270126394843,1.2576842557056247,False,1.1289870784367595,0.3094194077842935,0.3094194077842935,True,PASS,PASS,True,True
random_0170,random_multivariate_mixture,2,1.2378806367402042e-07,-0.11736580937356515,109.11609815194414,5.147794079696789,7.846601540249832,1.4953802300275394,0.05431608131286013,False,26.137033477838695,6.471083226182462,6.471083226182462,True,PASS,PASS,True,True
random_0171,random_multivariate_mixture,4,0.0003694977044541516,-0.0992075934001738,8.11172853073656,1.7027678318014035,13.749521050139535,1.6612239825662358,0.7623691112259353,False,9.375668074402537,1.0373852405274118,1.0373852405274118,True,PASS,PASS,True,True
random_0172,random_multivariate_mixture,4,3.570423659637844e-05,-0.10813452293354238,4.521403589412736,8.22059251165781,9.526995780746374,1.54487641419761,0.027777077119092383,False,1.4837992517547156,0.896762914727318,0.896762914727318,True,PASS,PASS,True,True
random_0173,random_multivariate_mixture,4,0.008386157476529228,-0.030483392293710727,0.19851758276400625,2.144884147608852,7.123181400581792,0.2839895769759791,0.3475494414846203,False,0.22132938935553312,0.18345687207622427,0.18345687207622427,True,PASS,PASS,True,True
random_0174,random_multivariate_mixture,3,0.0028694115230810204,-0.05937588582420095,1.0433573335522128,2.0017311473039503,9.425605170488122,1.0041980298200113,0.4447216561514486,False,2.3035677727320736,0.70030709846154,0.70030709846154,True,PASS,PASS,True,True
random_0175,random_multivariate_mixture,4,0.04506788598864506,-0.02296508158387012,0.1658801389543197,1.401567595493042,4.079452710068486,0.20020626287347473,0.44842497640264767,False,0.12282713422694665,0.09529415774709574,0.09529415774709574,True,PASS,PASS,True,True
random_0176,random_multivariate_mixture,2,0.003296074732041813,-0.04015525055236653,0.3496958572312537,6.891453962172138,63.91773869046397,0.8651489994370252,0.661801566805587,False,0.7818359997438219,0.26837073108845216,0.26837073108845216,True,PASS,PASS,True,True
random_0177,random_multivariate_mixture,3,0.00029965909030239357,-0.08538567430466433,23.86450688529176,3.881629634205702,8.65331568133589,1.3106079159609936,0.27469949592804477,False,8.787081606680845,2.628751257027422,2.628751257027422,True,PASS,PASS,True,True
random_0178,random_multivariate_mixture,3,0.00015481405084407507,-0.09814575883539786,0.00900947874336462,0.4422516347487581,4.851737355579711,0.290047668451124,0.2404407684712963,False,0.23555933797165568,0.12349363846905317,0.12349363846905317,True,PASS,PASS,True,True
random_0179,random_multivariate_mixture,3,0.011660079236700132,-0.04253588115288255,0.27215703233945254,2.0932451477887173,3.1929450938010424,0.13019008990080563,0.31001589478473446,False,0.1301102756757104,0.14070609916638444,0.1301102756757104,True,PASS,PASS,True,True
random_0180,random_multivariate_mixture,2,1.0306865224793464e-05,-0.092888465944632,32.87841495159314,28.603853214404445,289.8851249123226,inf,inf,True,inf,4.558681265354728,4.558681265354728,True,FAILED,PASS,True,True
random_0181,random_multivariate_mixture,3,0.04427245477904393,-0.03603110489262706,0.4036467518693286,2.809104331147202,2.622760686513064,0.8214737290352574,0.363852032370684,False,0.8166999099889782,0.22114617692402677,0.22114617692402677,True,PASS,PASS,True,True
random_0182,random_multivariate_mixture,4,0.0072395485257704,-0.04653375028019363,0.7310009689443965,5.368028431996413,16.04361993486303,0.6564248948544718,0.4440238192208664,False,0.4978629719850788,0.8268154721303083,0.4978629719850788,True,PASS,PASS,True,True
random_0183,random_multivariate_mixture,2,2.4466206425616234e-05,-0.12181433767927888,160.48232362021446,6.373510102968793,3.4228883405006663,1.354105085335687,0.009217223316638684,False,13.570364529301715,3.768986906054914,3.768986906054914,True,PASS,PASS,True,True
random_0184,random_multivariate_mixture,3,0.0006748850859445626,-0.11718913860651434,0.4246782758866674,1.483450809036074,10.571569063862805,0.1779582647454793,0.20933917087559317,False,0.27456130602426065,0.15420235842467475,0.15420235842467475,True,PASS,PASS,True,True
random_0185,random_multivariate_mixture,3,1.1213773250670136e-05,-0.07938511000500996,45.14426620668197,3.4050795506484635,10.108869985027564,1.8272744971618902,0.4658893201517051,False,112.33548909061679,6.582995093894387,6.582995093894387,True,PASS,PASS,True,True
random_0186,random_multivariate_mixture,3,7.475639392465001e-05,-0.1161901133776298,3.2699717934723127,8.72490272572939,12.454433859251436,1.8466566134200662,0.19439811185591613,False,19.577605149555563,1.0824165990201393,1.0824165990201393,True,PASS,PASS,True,True
random_0187,random_multivariate_mixture,2,5.7206885543017374e-05,-0.03500189483000129,0.19755012636352742,1.5881815640398314,2.3914187722469045,0.166166898197385,0.23456062984792375,False,0.16854423939690694,0.08152136478473847,0.08152136478473847,True,PASS,PASS,True,True
random_0188,random_multivariate_mixture,3,0.0006687190772302618,-0.040682864564714094,5.45994363133597,13.251789985513426,75.71810186510653,1.2406710906793676,0.11009006660826573,False,1.999905762230044,1.4751079184442033,1.4751079184442033,True,PASS,PASS,True,True
random_0189,random_multivariate_mixture,4,0.00016560923657767582,-0.08474360247873605,15.70818608351217,5.8742164514321,2.231350095615726,1.7785050277954502,0.19826886531476173,False,20.8972917627476,2.062181432550308,2.062181432550308,True,PASS,PASS,True,True
random_0190,random_multivariate_mixture,2,0.002128198996290974,-0.030312881969339255,0.21606918825837582,2.351982767368868,3.5343750679361556,0.505275756428133,0.5639750433833073,False,0.3607969118659726,0.19475734692499522,0.19475734692499522,True,PASS,PASS,True,True
random_0191,random_multivariate_mixture,2,1.6934569370687815e-05,-0.12674356602721054,12.469323346337443,6.119239637186534,5.033463671617452,1.0138428318014685,0.01948027474241002,False,1.3865240395987244,0.5478163986382454,0.5478163986382454,True,PASS,PASS,True,True
random_0192,random_multivariate_mixture,4,6.361361448272809e-05,-0.04057584017486548,392.0832772751002,4.367659151631586,4.342249832744019,1.5924167016547588,0.730777769593244,False,17.61663698370481,4.124859582912036,4.124859582912036,True,PASS,PASS,True,True
random_0193,random_multivariate_mixture,3,0.0008938133492908854,-0.11625103725211863,4.238588436301584,7.46311439744217,3.7816678617807833,1.5330779263031002,0.07360227300747599,False,2.1055044881991756,0.5702206319027343,0.5702206319027343,True,PASS,PASS,True,True
random_0194,random_multivariate_mixture,4,0.010718851489605335,-0.01269282056427345,0.2637228286001748,2.925372088965666,9.93807487857256,0.6309363965034928,1.2951732699941678,False,0.6605101202893239,0.17227401207356444,0.17227401207356444,True,PASS,PASS,True,True
random_0195,random_multivariate_mixture,2,5.288893570211689e-05,-0.08312054851079885,5.38075263043719,23.324300484856746,201.11733971963108,1.5388708974327066,0.06448565912470508,False,5.312130924686146,1.7140328611494635,1.7140328611494635,True,PASS,PASS,True,True
random_0196,random_multivariate_mixture,2,3.6208145806163233e-06,-0.12461752417633959,9.892006589378791,0.6060109825941289,17.39337268601758,0.5557360110992738,0.03974884778342687,False,0.9268352938403794,0.2185604272120496,0.2185604272120496,True,PASS,PASS,True,True
random_0197,random_multivariate_mixture,3,0.00021612698683138275,-0.11503226783236836,0.7503271942140347,0.9357060236069042,15.248827609553123,0.09791027125696673,0.21112259026242297,False,0.1547947817853477,0.09088270643632765,0.09088270643632765,True,PASS,PASS,False,False
random_0198,random_multivariate_mixture,2,1.0049776887195618e-06,-0.04282183072540847,0.14750174798862145,2.4042111302425178,4.717182270924983,0.647170250020235,0.5435719402842485,False,0.5532811749420787,0.17790453747968207,0.17790453747968207,True,PASS,PASS,True,True
random_0199,random_multivariate_mixture,3,3.1557587790445565e-05,-0.054582194781262826,27.52999539775411,15.602715601883709,97.13340601623865,1.6256399064934834,0.8475728804693625,False,3.4357065888301035,0.5652459487437024,0.5652459487437024,True,PASS,PASS,True,True
random_0200,random_multivariate_mixture,4,0.03845762088350462,-0.03617824735483546,0.12000583294976637,1.1505615542449281,5.232264504304693,0.289452411608029,0.3609552442094161,False,0.27423092821591555,0.1793211144376042,0.1793211144376042,True,PASS,PASS,True,True
random_0201,random_multivariate_mixture,4,2.8838871450684683e-05,-0.06992562465244752,645.6087882889803,1.4344061008954319,10.945910980229284,1.639731633966257,0.7576619505952191,False,55.88764026880434,12.277854866655295,12.277854866655295,True,PASS,PASS,True,True
random_0202,random_multivariate_mixture,2,0.00011960733027469822,-0.059471953040380984,1.9656542750478145,11.78394753036354,56.20996327205615,1.0985287831623225,0.36059149697027365,False,0.9028334954821001,0.5539585031182276,0.5539585031182276,True,PASS,PASS,True,True
random_0203,random_multivariate_mixture,4,0.0003087836807608162,-0.047006791139151884,20.592964285002807,2.911385444235048,10.34805638458526,1.182585926532626,0.5497818324742554,False,3.36632754821393,2.63066706910136,2.63066706910136,True,PASS,PASS,True,True
random_0204,random_multivariate_mixture,4,0.003326764824118248,-0.05299374545808879,0.8396826367243223,2.912134284374747,10.498069855800459,0.25242588775508773,0.4047816923623905,False,0.19761663970496568,0.10095999280665578,0.10095999280665578,True,PASS,PASS,True,True
random_0205,random_multivariate_mixture,4,0.04357316777597094,-0.012024417472580894,0.21876143839660303,1.9866805504577396,6.842105500231018,0.457624916210736,1.0093823124830723,False,0.40464977218745607,0.1950963344799136,0.1950963344799136,True,PASS,PASS,True,True
random_0206,random_multivariate_mixture,2,1.7265766340034142e-06,-0.1212174056897882,805.8235727458305,11.845372945131547,30.36636510552123,inf,inf,True,inf,7.04218134429379,7.04218134429379,True,FAILED,PASS,True,True
random_0207,random_multivariate_mixture,2,4.0502399424796485e-06,-0.1278083884754945,14.935919321972822,3.501040400406882,13.710137499604706,0.6313744024329694,0.0031295996068818528,False,0.34523342891404524,0.8087260532190279,0.34523342891404524,True,PASS,PASS,True,True
random_0208,random_multivariate_mixture,4,0.0121331349802938,-0.046835346963413654,0.5289936429916883,6.381023508592927,22.053039739380942,0.4330915140642173,0.2261825810623515,False,0.3293008585639722,0.21653453877089818,0.21653453877089818,True,PASS,PASS,True,True
random_0209,random_multivariate_mixture,2,0.005863239197210423,-0.04040697057830771,0.043112956968803996,1.0223332463717403,2.798741633136466,0.09894753420914434,0.14889758154434488,False,0.10073847592810792,0.025838330032441813,0.025838330032441813,False,PASS,PASS,True,False
random_0210,random_multivariate_mixture,2,2.9391697832364803e-05,-0.11595264592750472,9.228600702690052,6.948024559154407,3.3311230053810745,1.602964427001027,0.09167392282378328,False,2.2049907406802625,2.420722822592905,2.2049907406802625,True,PASS,PASS,True,True
random_0211,random_multivariate_mixture,2,7.274453202566148e-05,-0.12216572170707428,7.751263338987789,3.0189338172551206,13.994956995475437,0.5749600998034131,0.06183332322117932,False,1.0020161399010714,0.38987744051293993,0.38987744051293993,True,PASS,PASS,True,True
random_0212,random_multivariate_mixture,3,6.707530460891211e-06,-0.03721959106325925,18.087792041472614,6.342890314850084,13.868206160925082,1.8366988911805129,0.2526552471806145,False,22.438677864197246,4.096878557236592,4.096878557236592,True,PASS,PASS,True,True
random_0213,random_multivariate_mixture,3,1.0359522500727765e-05,-0.049500369632447846,43.1867747774944,4.37250537988611,7.805745377095308,1.7601122224042525,0.9249353663005415,False,72.02772561825726,6.907307106532624,6.907307106532624,True,PASS,PASS,True,True
random_0214,random_multivariate_mixture,2,3.2201662038817714e-05,-0.11763398778832365,52.614921909267395,25.866653881818824,213.89814704670468,inf,inf,True,inf,0.10897079825370479,0.10897079825370479,True,FAILED,PASS,True,True
random_0215,random_multivariate_mixture,3,0.005569695593639386,-0.09999702099917179,0.4480356923895579,1.6668315892853947,11.054309101316809,0.5451589273382159,0.1437171386274841,False,0.2774049556394793,0.28745071686415563,0.2774049556394793,True,PASS,PASS,True,True
random_0216,random_multivariate_mixture,4,0.0007827329270109596,-0.08194921225686405,70.1074620604543,6.419159096922493,4.897979176288574,1.6283363755744074,0.26227128553611306,False,3.7963453460669903,0.11288827490756603,0.11288827490756603,True,PASS,PASS,True,True
random_0217,random_multivariate_mixture,4,0.0019557094607174663,-0.046042650261913835,0.1197533145417908,0.90500268815463,2.549919826449727,0.07790444098102436,0.21683819058226028,False,0.057572493684729865,0.0448287130943629,0.0448287130943629,True,PASS,PASS,False,False
random_0218,random_multivariate_mixture,4,0.006823640755586628,-0.06946631121289848,1.2920356470160914,4.896571471834137,6.762043086977364,1.7374836306763082,0.4924029668250317,False,2.6130097303882054,0.7823119981450832,0.7823119981450832,True,PASS,PASS,True,True
random_0219,random_multivariate_mixture,2,0.009645328293061528,-0.018579665213683545,0.0796533936026172,2.496712468102532,7.206511645355204,0.23096823374213168,0.6256971198845959,False,0.20812095039344028,0.0727222388307766,0.0727222388307766,True,PASS,PASS,True,True
random_0220,random_multivariate_mixture,4,0.01556320409068547,-0.04998744938700951,0.13907256229616352,1.6161102389334894,4.658489698054827,0.13450186405571468,0.25728469307221147,False,0.121479026361942,0.03905119655345805,0.03905119655345805,True,PASS,PASS,True,True
random_0221,random_multivariate_mixture,3,0.005580784693952319,-0.03874423731310221,0.07338305090492506,1.6451492899640887,10.9334635899032,0.44417032066144946,0.6248312346394168,False,0.28834868557513577,0.2962867103397385,0.28834868557513577,True,PASS,PASS,True,True
random_0222,random_multivariate_mixture,3,0.002579731797946906,-0.10154738317741104,1.2607013878937328,3.239467818688732,8.18434107872248,1.1941416149795974,0.18154088162264712,False,0.8108977947944526,0.6808827505430697,0.6808827505430697,True,PASS,PASS,True,True
random_0223,random_multivariate_mixture,3,0.0183539369625077,-0.04356437889143084,0.21157646221500562,1.637662315369902,7.0011935363937905,0.33787375252478274,0.32276701730014257,False,0.2739670500280362,0.2284661357588807,0.2284661357588807,True,PASS,PASS,True,True
random_0224,random_multivariate_mixture,2,0.00013817264898110455,-0.09836156034466122,1.1024893503815947,1.816528795388197,11.954525028832991,0.4168562915653715,0.0986150732052412,False,0.4939796434376199,0.20437620449726696,0.20437620449726696,True,PASS,PASS,True,True
random_0225,random_multivariate_mixture,4,0.009424593944133423,-0.038763184375281264,0.4097362288012574,6.2641156179157305,21.575914324500026,0.5718437052569301,1.053163638217516,False,0.38613837263825956,0.2704686926591086,0.2704686926591086,True,PASS,PASS,True,True
random_0226,random_multivariate_mixture,2,2.1153879020432078e-05,-0.10036528042242278,4.5330488171803704,26.915136819777413,254.25019463018387,inf,inf,True,inf,0.3632220699449869,0.3632220699449869,True,FAILED,PASS,True,True
random_0227,random_multivariate_mixture,3,0.0056095457446604475,-0.007664734511507256,0.2039077562722265,3.551461447593068,18.450055630562666,0.48314967171141704,1.250615600367513,False,0.36208133746695753,0.17641137420160452,0.17641137420160452,True,PASS,PASS,True,True
random_0228,random_multivariate_mixture,3,0.0024899538621335543,-0.09018021010349438,0.16084820407821013,2.169846951190813,3.6769141390266755,0.1680651206251298,0.25797736967961304,False,0.1542437383800836,0.12830477961938122,0.12830477961938122,True,PASS,PASS,True,True
random_0229,random_multivariate_mixture,2,3.1383274437142442e-06,-0.12680682083375208,42.21138355456721,6.274259873464331,4.566074609470021,0.6167845396649679,0.0024765031572994895,False,0.79742163632021,0.8985644714574829,0.79742163632021,True,PASS,PASS,True,True
random_0230,random_multivariate_mixture,2,0.0026793071167357293,-0.058528342052367004,0.48701863129287054,4.378193828311793,7.497913059046321,0.5300016581062702,0.5222938065823824,False,0.592709847970789,0.08813659365925146,0.08813659365925146,True,PASS,PASS,True,True
random_0231,random_multivariate_mixture,4,0.00766079424893046,-0.02444747739911807,0.4602491682247805,2.6846380351687653,2.7451325666673925,0.8369685984155719,0.43024476406755685,False,1.0392502185198078,0.8348808244299807,0.8348808244299807,True,PASS,PASS,True,True
random_0232,random_multivariate_mixture,2,3.6252815874636674e-05,-0.05321865718510676,2.2678364862984806,6.43776134861843,17.095915691203963,1.5373782620786416,0.623009011422103,False,0.6086009308361566,1.092326015072241,0.6086009308361566,True,PASS,PASS,True,True
random_0233,random_multivariate_mixture,3,0.008333961593391274,-0.023739719175803045,0.10561980409168244,3.482415897917117,30.85925195063571,0.27836789347991475,0.44562265323949646,False,0.1756629243671097,0.13616022361974583,0.13616022361974583,True,PASS,PASS,True,True
random_0234,random_multivariate_mixture,4,0.0024014463787672877,-0.0669539085185802,1.5624470188637658,4.305489328259691,3.2751349226064317,0.9933554274889118,0.16597299711999336,False,1.3348302974297654,0.5537356904266013,0.5537356904266013,True,PASS,PASS,True,True
random_0235,random_multivariate_mixture,2,1.3243762753586436e-05,-0.12603426743951102,15.499494940972838,2.2284422961202326,15.988412891060259,0.35745384125916446,0.01657477817144796,False,0.554408940964403,0.24522809163730988,0.24522809163730988,True,PASS,PASS,True,True
random_0236,random_multivariate_mixture,4,1.0630893615015659e-05,-0.03621530159031345,164.58910440033134,2.4087506562880003,7.142195470262398,1.8944517464266697,0.8626001463734436,False,255.4233579369574,34.62437949522787,34.62437949522787,True,PASS,PASS,True,True
random_0237,random_multivariate_mixture,2,4.199702681376023e-05,-0.065747230818055,0.8465963295252177,5.57551080439301,37.95549268974703,1.863149633993042,0.9217229507575436,False,4.785671932904274,0.1631580410678029,0.1631580410678029,True,PASS,PASS,True,True
random_0238,random_multivariate_mixture,4,0.0005887511632439558,-0.0714473388256839,3.1115850664167284,5.179272769958104,4.2437235083880545,1.2315781800978685,0.15775757008109412,False,2.4809485382820835,0.6832939441015669,0.6832939441015669,True,PASS,PASS,True,True
random_0239,random_multivariate_mixture,3,0.007829010498390902,-0.07923439246261961,0.8162725778800982,1.823509466658891,8.576569115901984,0.9466620338245301,0.3025099445106384,False,0.7465466584904934,0.40153746829328013,0.40153746829328013,True,PASS,PASS,True,True
random_0240,random_multivariate_mixture,4,0.01162562474531921,-0.02457531081601447,0.6499882460628288,5.050556790698278,13.904599623245167,0.8364395728837972,0.2922770261805127,False,2.0091772953165568,0.4355054554492673,0.4355054554492673,True,PASS,PASS,True,True
random_0241,random_multivariate_mixture,3,0.0007996081346743118,-0.11435663582974173,1.7018417586753114,6.727946159884395,4.591287338882989,0.9188564262997717,0.3506457253028596,False,2.3972092387213797,1.574044062435737,1.574044062435737,True,PASS,PASS,True,True
random_0242,random_multivariate_mixture,4,0.002819380000955075,-0.025764098108215887,1.3256765036781077,3.7194244543111377,6.025688139274402,1.5804421965594184,0.7326900076700048,False,2.4680754874947257,1.2933716117981655,1.2933716117981655,True,PASS,PASS,True,True
random_0243,random_multivariate_mixture,3,0.009553436374160174,-0.0426095147468996,0.2645674682251221,3.7466209413714555,21.083607366807115,0.31864048673191897,0.10695590328211584,False,0.12258541010337164,0.34178880835273184,0.12258541010337164,True,PASS,PASS,True,True
random_0244,random_multivariate_mixture,2,8.997617045343925e-06,-0.12031500185377517,17.75168444262791,12.587712902516165,37.5396090215413,1.096633986546906,0.004950085309496488,False,1.8056671505036406,1.2412739149944394,1.2412739149944394,True,PASS,PASS,True,True
random_0245,random_multivariate_mixture,4,0.007417066933627402,-0.06294955362958833,0.35077091067197597,4.823876610144484,11.332424634659747,0.5429612444558941,0.21702100744775304,False,0.2963733606198032,0.30746792137950407,0.2963733606198032,True,PASS,PASS,True,True
random_0246,random_multivariate_mixture,2,3.0145320621151285e-05,-0.11311240173162418,3.9118088472328334,5.022978045397519,5.782735190285529,1.0243947862341052,0.07191308428794728,False,0.8392073972595004,0.5217869834694563,0.5217869834694563,True,PASS,PASS,True,True
random_0247,random_multivariate_mixture,3,0.0010027189543729675,-0.04768801438549805,0.3212791639632049,2.4578734786218783,9.378354946508729,0.12017886296058213,0.7702640606760164,False,0.1329785765389928,0.14831307457734674,0.1329785765389928,True,PASS,PASS,True,True
random_0248,random_multivariate_mixture,3,1.0689260552043212e-05,-0.11156808171696256,129.16584658969757,3.756170484733907,11.938055053570316,0.38334863668385555,0.24899742379190234,False,34.18739433681374,30.06221461699017,30.06221461699017,True,PASS,PASS,True,True
random_0249,random_multivariate_mixture,4,0.006768339504481421,-0.037348139059331605,0.8456856969427069,3.3907231322813027,4.472666022625776,1.072562088104344,0.5540763990137655,False,1.0940149445323117,0.5106726721409656,0.5106726721409656,True,PASS,PASS,True,True
random_0250,random_multivariate_mixture,2,3.7283383726753025e-05,-0.11991220051034793,14.02765486756811,1.404522149785679,16.409834850896008,0.9904753283590726,0.12861635644735786,False,3.1484716073355057,0.6036644761516535,0.6036644761516535,True,PASS,PASS,True,True
random_0251,random_multivariate_mixture,3,8.289298621854572e-05,-0.10258264646308919,24.6712447378022,4.199789850124801,9.080500576578984,1.0101928933457125,0.21253578417263838,False,11.216000677067887,6.194579758157073,6.194579758157073,True,PASS,PASS,True,True
random_0252,random_multivariate_mixture,4,0.0007224339451412403,-0.011280564190815204,5.89590169305829,5.416393043261976,16.081090659016557,1.6859552187348879,0.4933964176135383,False,10.345542926207097,4.721256398190229,4.721256398190229,True,PASS,PASS,True,True
random_0253,random_multivariate_mixture,2,1.0633858520592235e-06,-0.12413040219156764,194.97549228136316,28.74036749575456,261.9608609233142,inf,inf,True,inf,3.6261013005435836,3.6261013005435836,True,FAILED,PASS,True,True
random_0254,random_multivariate_mixture,3,0.010402764314161341,-0.01720847110942219,0.0711259345852578,1.748664137669216,8.56316459843216,0.08445701448945776,0.428792574998314,False,0.08702980142391371,0.038537791650196905,0.038537791650196905,True,PASS,PASS,False,True
random_0255,random_multivariate_mixture,3,0.010952668097600924,-0.04385855844925561,0.596445602256949,2.279499627188864,5.684939239130327,0.5831984041758368,0.5377731078435103,False,0.5897182514636419,0.24292057718145102,0.24292057718145102,True,PASS,PASS,True,True
