lambda,minimum_hankel_margin,negative_mass_fraction,nonlinear_source_norm,realizability_margin,source_norm,step,time
1.0,8.068903668195745,0.0009300197276249417,9.759904644569863,0.10236366436456253,163.77314458573093,1,0.0025
1.0,7.996017035066426,0.0009352177793673664,9.476529641134281,0.10333448010615168,161.86990021681422,2,0.005
1.0,7.924097349256506,0.0009403982934561253,9.201690813720099,0.10431117976534658,159.99402194032768,3,0.0075
1.0,7.853129814446602,0.0009455603803999147,8.935118972734927,0.1052937727370528,158.14497050233015,4,0.01
1.0,7.7830999067477755,0.0009507031405865459,8.676553948159992,0.10617198192239079,156.3222209753951,5,0.0125
1.0,7.713993368531973,0.0009558256643575266,8.425744262607228,0.10691012797794248,154.52526229077213,6,0.015
1.0,7.6457962024327575,0.0009609270320863551,8.182446817407321,0.10764966278540689,152.75359678818467,7,0.0175
1.0,7.578494665510872,0.0009660063142605906,7.94642659115116,0.1083905572447121,151.00673978251243,8,0.02
1.0,7.5120752635791135,0.0009710625715677037,7.7174563501365325,0.10913278183638175,149.28421914664443,9,0.0225
1.0,7.446524745681529,0.0009760948549847259,7.49531637020067,0.10987630662597267,147.58557490982332,10,0.025
1.0,7.381830098721785,0.0009811022058717482,7.27979416944159,0.11062110126861009,145.91035887083197,11,0.0275
1.0,7.317978542236137,0.0009860836560692597,7.070684251356283,0.1113671350136189,144.25813422540344,12,0.03
1.0,7.254957523306137,0.0009910382279993556,6.867787857947959,0.11211437670924898,142.6284752072668,13,0.0325
1.0,7.192754711606888,0.0009959649347708395,6.67091273237258,0.11286279480749188,141.0209667422645,14,0.035
1.0,7.131357994586379,0.0010008627802882207,6.479872890719462,0.11361235736898868,139.43520411500742,15,0.0375
1.0,7.070755472771898,0.0010057307593646114,6.294488402535444,0.1143630320680249,137.87079264755332,16,0.04
1.0,7.010935455199478,0.00101056785783855,6.114585179725011,0.11511478619761194,136.32734738962287,17,0.0425
1.0,6.951886454962606,0.0010153730526947394,5.9399947734720415,0.11586758667465205,134.80449281988513,18,0.045
1.0,6.893597184876441,0.0010201453121887216,5.770554178847826,0.1166214000451858,133.30186255786813,19,0.0475
1.0,6.836056553254057,0.0010248835959754546,5.606105646784817,0.11737619248971816,131.8190990860694,20,0.05
1.0,6.779253659791168,0.0010295868552418457,5.44649650310963,0.11813192982862314,130.35585348185904,21,0.0525
1.0,6.72317779155618,0.0010342540328431632,5.291578974344581,0.11888857752762307,128.91178515878906,22,0.055
1.0,6.6678184190821925,0.0010388840634434058,5.141210019998107,0.11964610070334104,127.48656161693573,23,0.0575
1.0,6.613165192558031,0.0010434758736595205,4.995251171079521,0.12040446412892504,126.07985820192212,24,0.06
1.0,6.559207938115211,0.0010480283822095606,4.853568374583172,0.12116363223973989,124.69135787227985,25,0.0625
1.0,6.505936654208052,0.0010525405000646824,4.716031843700457,0.12192356913912629,123.32075097482696,26,0.065
1.0,6.453341508084093,0.0010570111306050251,4.582515913528129,0.12268423860422414,121.96773502775076,27,0.0675
1.0,6.401412832342198,0.0010614391697793954,4.452898902051073,0.12344560409185823,120.63201451109865,28,0.07
1.0,6.350141121575698,0.0010658235062688123,4.327062976189301,0.12420762874448356,119.31330066439297,29,0.0725
1.0,6.299517029098144,0.001070163021653791,4.2048940227059886,0.12497027539618889,118.01131129109729,30,0.075
1.0,6.2495313637491945,0.0010744565905854435,4.08628152378452,0.12573350657875598,116.72577056967397,31,0.0775
1.0,6.200175086778356,0.0010787030809602418,3.9711184370888133,0.1264972845277724,115.45640887098287,32,0.08
1.0,6.151439308804254,0.0010829013540985797,3.859301080131505,0.12726157118879589,114.20296258178323,33,0.0825
1.0,6.1033152868473675,0.0010870502649268858,3.7507290187796367,0.1280263282235685,112.96517393410798,34,0.085
1.0,6.055794421433996,0.001091148662163457,3.6453049597376124,0.12879151701627778,111.74279084029286,35,0.08750000000000001
1.0,6.008868253769516,0.0010951953885078368,3.5429346468514313,0.12955709867986412,110.53556673344856,36,0.09
1.0,5.962528462978907,0.00109918928083373,3.4435267610870395,0.130323034062371,109.3432604131749,37,0.0925
1.0,5.916766863412683,0.0011031291703854592,3.3469928240406044,0.1310892837533377,108.1656358963236,38,0.095
1.0,5.8715754020163455,0.0011070138829778271,3.253247104844889,0.13185580809023126,107.00246227262396,39,0.0975
1.0,5.826946155761608,0.001110842239199424,3.1622065303417752,0.13262256716491677,105.85351356499363,40,0.1
1.0,5.7828713291376586,0.0011146130546192644,3.0737905983966005,0.13338952083016445,104.71856859436407,41,0.10250000000000001
1.0,5.739343251700796,0.001118325139996721,2.987921294234318,0.1341566287061904,103.59741084885631,42,0.105
1.0,5.6963543756808,0.0011219773014947212,2.9045230096840777,0.13492385018723163,102.48982835715064,43,0.1075
1.0,5.65389727364253,0.0011255683408961125,2.823522465221467,0.13569114444815147,101.3956135658985,44,0.11
1.0,5.611964636201181,0.0011290970558231566,2.7448486347041765,0.13645847045107556,100.31456322103224,45,0.1125
1.0,5.57054926978976,0.001132562239960075,2.6684326726998275,0.13722578695205664,99.24647825283346,46,0.115
1.0,5.529644094477348,0.0011359626832786207,2.5942078443097634,0.1379930525077655,98.19116366462617,47,0.11750000000000001
1.0,5.489242141836823,0.0011392971722665526,2.5221094573953526,0.1387602254822089,97.1484284249667,48,0.12
1.0,5.449336552860631,0.0011425644901589718,2.4520747971188244,0.13952726405347127,96.11808536320684,49,0.1225
1.0,5.409920575923389,0.0011457634171724708,2.3840430627123372,0.14029412622048043,95.0999510683114,50,0.125
1.0,5.370987564790043,0.0011488927307419892,2.3179553063942797,0.1410607698097953,94.09384579081711,51,0.1275
1.0,5.332530976668353,0.0011519512057603172,2.253754374353319,0.14182715248241468,93.09959334782224,52,0.13
1.0,5.294544370304568,0.0011549376148201655,2.191384849725479,0.14259323174060692,92.11702103090275,53,0.1325
1.0,5.25702140412111,0.0011578507284587358,2.1307929974913318,0.1433589649347583,91.14595951685284,54,0.135
1.0,5.2199558343952415,0.0011606893154046968,2.0719267112238042,0.1441243092702407,90.18624278115315,55,0.1375
1.0,5.1833415134775365,0.0011634521428275184,2.014735461619863,0.14488922181429637,89.23770801407261,56,0.14
1.0,5.147172388049212,0.001166137976589003,1.9591702467517331,0.1456536595029399,88.30019553931386,57,0.14250000000000002
1.0,5.111442497417278,0.0011687455814970572,1.905183543976071,0.1464175791478772,87.37354873511583,58,0.145
1.0,5.0761459718465325,0.0011712737215614883,1.8527292634416173,0.1471809374434394,86.45761395772952,59,0.1475
1.0,5.041277030927448,0.0011737211602518421,1.8017627031386672,0.147943690973533,85.55224046718713,60,0.15
1.0,5.006829981979066,0.0011760866607571025,1.7522405054351975,0.14870579621860422,84.65728035528706,61,0.1525
1.0,4.972799218485949,0.0011783689862472847,1.7041206150472468,0.14946720956261828,83.77258847572013,62,0.155
1.0,4.939179218568414,0.0011805669001366923,1.657362238392866,0.15022788730005257,82.89802237626573,63,0.1575
1.0,4.9059645434850845,0.0011826791663488638,1.611925804280923,0.15098778564290394,82.03344223298858,64,0.16
1.0,4.873149836167105,0.0011847045495830557,1.5677729258878568,0.15174686072770938,81.17871078636969,65,0.1625
1.0,4.840729819783074,0.0011866418155821834,1.5248663639773783,0.15250506862258062,80.3336932793073,66,0.165
1.0,4.808699296334024,0.001188489731402157,1.483169991319932,0.1532623653342514,79.49825739692643,67,0.1675
1.0,4.777053145277688,0.001190247065682444,1.4426487582697416,0.1540187068151388,78.67227320813721,68,0.17
1.0,4.7457863221812815,0.0011919125889178622,1.4032686594599324,0.15477404897041713,77.85561310888471,69,0.17250000000000001
1.0,4.714893857402181,0.0011934850737314534,1.3649967015764586,0.15552834766510581,77.04815176703522,70,0.17500000000000002
1.0,4.68437085479574,0.0011949632951483052,1.3278008721741426,0.15628155873116928,76.24976606884547,71,0.1775
1.0,4.654212490449595,0.0011963460308703324,1.2916501094986668,0.15703363797463193,75.46033506696362,72,0.18
1.0,4.624414011443866,0.0011976320615518206,1.2565142732801329,0.15778454118270488,74.67973992991217,73,0.1825
1.0,4.594970734636567,0.0011988201710757063,1.2223641164652599,0.15853422413092724,73.90786389300551,74,0.185
1.0,4.565878045473653,0.0011999091468304073,1.1891712578555984,0.1592826425903209,73.1445922106556,75,0.1875
1.0,4.537131396823081,0.001200897779987261,1.1569081556215728,0.1600297523345587,72.38981211002132,76,0.19
1.0,4.508726307832353,0.001201784865778311,1.1255480816624501,0.16077550914714742,71.64341274595927,77,0.1925
1.0,4.480658362808947,0.0012025692037744345,1.0950650967834092,0.16151986882862424,70.90528515723351,78,0.195
1.0,4.4529232101231075,0.0012032495981637201,1.0654340266624345,0.16226278720376788,70.17532222394539,79,0.1975
1.0,4.425516561132461,0.001203824858029928,1.036630438580432,0.16300422012882432,69.45341862614427,80,0.2
1.0,4.398434189127945,0.0012042937976310597,1.0086306188887568,0.16374412349874726,68.73947080358222,81,0.2025
1.0,4.371671928300568,0.0012046552366777959,0.9814115511896798,0.16448245325445332,68.0333769165765,82,0.20500000000000002
1.0,4.345225672728465,0.0012049080006118502,0.9549508952059442,0.16521916539009257,67.33503680794556,83,0.20750000000000002
1.0,4.319091375383842,0.0012050509208839945,0.929226966316321,0.1659542159603342,66.64435196598467,84,0.21
1.0,4.29326504715931,0.0012050828352318508,0.9042187157352832,0.1666875610876673,65.96122548844912,85,0.2125
1.0,4.267742755913148,0.0012050025879571545,0.8799057113151874,0.1674191569697178,65.2855620475135,86,0.215
1.0,4.2425206255331,0.0012048090302025386,0.8562681189505816,0.16814895988657969,64.6172678556771,87,0.2175
1.0,4.21759483501825,0.0012045010202276886,0.8332866845647225,0.16887692620816364,63.9562506325864,88,0.22
1.0,4.192961617578572,0.001204077423684829,0.8109427166589742,0.16960301240155892,63.30241957274588,89,0.2225
1.0,4.168617259751777,0.0012035371138933316,0.7892180694068991,0.17032717503841324,62.65568531409074,90,0.225
1.0,4.144558100537,0.00120287897211352,0.7680951262749657,0.1710493708023261,62.015959907394674,91,0.2275
1.0,4.1207805305450425,0.001202101887819462,0.7475567841527522,0.17176955649625864,61.38315678648754,92,0.23
1.0,4.0972809911647,0.0012012047589706754,0.7275864379759379,0.17248768904995856,60.757190739258135,93,0.2325
1.0,4.074055973744892,0.0012001864922827415,0.708167965826228,0.1732037255273992,60.13797787941862,94,0.23500000000000001
1.0,4.051102018792209,0.0011990460034966507,0.6892857144924623,0.17391762313423423,59.5254356190074,95,0.23750000000000002
1.0,4.028415715183508,0.0011977822176468395,0.6709244854782725,0.17462933922526586,58.91948264160843,96,0.24
1.0,4.005993699393293,0.0011963940693278054,0.6530695214414175,0.17533883131192762,58.320038876265194,97,0.2425
1.0,3.983832654735491,0.0011948805029592777,0.6357064930514075,0.17604605706977988,57.727025472069066,98,0.245
1.0,3.9619293106193316,0.0011932404730497902,0.6188214862513918,0.1767509743460188,57.140364773401444,99,0.2475
1.0,3.940280441819013,0.001191472944458646,0.6024009899117261,0.17745354116699671,56.55998029581069,100,0.25
1.0,3.918882867756893,0.0011895768926561037,0.5864318838624384,0.17815371574575498,55.98579670250476,101,0.2525
1.0,3.8977334517998408,0.0011875513039818352,0.5709014272925264,0.17885145648956666,55.41773978144154,102,0.255
1.0,3.8768291005685267,0.001185395175901455,0.5557972475043487,0.1795467220074896,54.85573642299925,103,0.2575
1.0,3.856166763259332,0.0011831075172611342,0.5411073290117976,0.18023947111792815,54.29971459820979,104,0.26
1.0,3.835743430978649,0.0011806873485401639,0.5268200029712392,0.18092966285620263,53.74960333753873,105,0.2625
1.0,3.815556136089252,0.0011781337021014382,0.5129239369347637,0.18161725648212615,53.20533271019593,106,0.265
1.0,3.795601951568523,0.0011754456224397946,0.49940812491547676,0.18230221148758585,52.66683380396138,107,0.2675
1.0,3.7758779903782784,0.0011726221664280926,0.48626187775474067,0.18298448760412986,52.1340387055111,108,0.27
1.0,3.7563814048459134,0.0011696624035609604,0.4734748137822958,0.18366404481055554,51.60688048122921,109,0.2725
1.0,3.73710938605668,0.0011665654161962713,0.4610368497594461,0.18434084334050016,51.085293158491375,110,0.275
1.0,3.7180591632568207,0.0011633302997940862,0.44893819209684804,0.185014843690031,50.56921170740686,111,0.2775
1.0,3.6992280032673506,0.0011599561631531643,0.43716932833805494,0.18568600662523374,50.05857202300551,112,0.28
1.0,3.6806132099082562,0.0011564421286448647,0.4257210189004386,0.18635429318979682,49.55331090785718,113,0.28250000000000003
1.0,3.662212123432922,0.0011527873324444873,0.4145842890655421,0.18701966471259085,49.05336605511133,114,0.28500000000000003
1.0,3.6440221199725116,0.0011489909247598688,0.40375042121104227,0.18768208281524032,48.55867603194467,115,0.28750000000000003
1.0,3.6260406109901737,0.0011450520700573056,0.3932109472766421,0.18834150941968575,48.06918026340552,116,0.29
1.0,3.608265042744814,0.0011409699472846343,0.3829576414567043,0.18899790675573505,47.58481901664362,117,0.2925
1.0,3.590692895764259,0.0011367437500914783,0.3729825131126391,0.18965123736859985,47.10553338551445,118,0.295
1.0,3.5733216843276168,0.0011323726870466153,0.3632777998979367,0.19030146412641638,46.63126527554767,119,0.2975
1.0,3.556148955956659,0.0011278559818523226,0.3538359610896521,0.19094855022774876,46.161957389269524,120,0.3
1.0,3.5391722909160066,0.0011231928735558148,0.34464967111944406,0.19159245920906992,45.697553211869156,121,0.3025
1.0,3.5223893017219883,0.0011183826167575112,0.3357118132984687,0.1922331549522195,45.237996997199566,122,0.305
1.0,3.505797632659955,0.0011134244818162822,0.32701547372978484,0.19287060169183629,44.78323375410359,123,0.3075
1.0,3.4893949593099114,0.0011083177550514954,0.3185539354026764,0.1935047640227609,44.33320923305627,124,0.31
1.0,3.47317898808027,0.0011030617389418997,0.3103206724632405,0.19413560690740742,43.88786991311474,125,0.3125
1.0,3.4571474557495936,0.001097655752321202,0.3023093446556749,0.19476309568309996,43.44716298916699,126,0.315
1.0,3.441298129016144,0.001092099130570422,0.29451379192926697,0.19538719606937244,43.01103635947179,127,0.3175
1.0,3.4256288040550977,0.0010863912258068558,0.28692802920578403,0.19600787417522755,42.57943861348139,128,0.32
1.0,3.4101373060832687,0.0010805314070696966,0.2795462413024943,0.1966250965063514,42.15231901993963,129,0.3225
1.0,3.3948214889311936,0.0010745190605022537,0.27236277800586317,0.19723882997228287,41.72962751524764,130,0.325
1.0,3.379679234622425,0.0010683535895306747,0.26537214929159864,0.19784904189353192,41.31131469209032,131,0.3275
1.0,3.364708452959917,0.0010620344150392101,0.25856902068623167,0.19845570000864515,40.8973317883162,132,0.33
1.0,3.349907081119343,0.0010555609755419008,0.2519482087662648,0.1990587724812144,40.48763067606416,133,0.3325
1.0,3.335273083249195,0.0010489327273507697,0.2455046767904177,0.19965822790682625,40.082163851130126,134,0.335
1.0,3.3208044500775884,0.0010421491447403471,0.23923353046109175,0.2002540353199473,39.68088442256771,135,0.3375
1.0,3.306499198525585,0.0010352097201086078,0.23313001381092022,0.20084616420074308,39.28374610251597,136,0.34
1.0,3.2923553713269307,0.0010281139641341553,0.22718950521099443,0.20143458448182694,38.89070319624909,137,0.3425
1.0,3.278371036654103,0.0010208614059298298,0.22140751349659962,0.20201926655493446,38.50171059244136,138,0.34500000000000003
1.0,3.2645442877505175,0.0010134515931924555,0.2157796742072364,0.2026001812775211,38.11672375364213,139,0.34750000000000003
1.0,3.250873242568784,0.0010058840923489148,0.21030174593734843,0.20317729997927822,37.7356987069553,140,0.35000000000000003
1.0,3.2373560434149136,0.0009981584886983486,0.2049696067944247,0.2037505944685657,37.358592034917734,141,0.3525
1.0,3.2239908565983457,0.0009902743865506062,0.19977925096120924,0.20432003703875468,36.98536086657171,142,0.355
1.0,3.210775872087697,0.0009822314093607832,0.1947267853589483,0.2048856004744796,36.61596286872596,143,0.3575
1.0,3.197709303172103,0.000974029199859912,0.18980842640851117,0.20544725805779504,36.250356237400915,144,0.36
1.0,3.18478938612808,0.0009656674201817029,0.18502049688664918,0.20600498357423208,35.88849968945296,145,0.3625
1.0,3.1720143798917837,0.0009571457519854147,0.18035942287422174,0.20655875131875298,35.530352454373286,146,0.365
1.0,3.1593825657365517,0.0009484638965746869,0.17582173079392377,0.20710853610159943,35.17587426625686,147,0.3675
1.0,3.146892246955667,0.0009396215750124548,0.17140404453470592,0.20765431325402964,34.825025355937186,148,0.37
1.0,3.1345417485502116,0.0009306185282317969,0.16710308266023086,0.20819605863394336,34.47776644328245,149,0.3725
1.0,3.122329416921934,0.0009214545171427788,0.16291565569893923,0.20873374863138835,34.134058729649226,150,0.375
1.0,3.1102536195710275,0.000912129322735237,0.15883866351327497,0.20926736017394648,33.793863890489504,151,0.3775
1.0,3.098312744798748,0.0009026427461774647,0.15486909274564195,0.20979687073199585,33.45714406810733,152,0.38
1.0,3.0865052014147496,0.0008929946089108195,0.15100401433891264,0.21032225832384477,33.123861864561285,153,0.3825
1.0,3.074829418449089,0.0008831847527401624,0.14724058112908206,0.21084350152073353,32.79398033470898,154,0.385
1.0,3.0632838448687867,0.0008732130399202068,0.14357602550815454,0.21136057945170353,32.467462979390355,155,0.3875
1.0,3.051866949298872,0.0008630793532376541,0.1400076571549503,0.21187347180832589,32.1442737387459,156,0.39
1.0,3.040577219747826,0.0008527835960891548,0.13653286083197688,0.21238215884929057,31.824376985666916,157,0.3925
1.0,3.029413163337364,0.000842325692555071,0.1331490942462667,0.21288662140485012,31.507737519374135,158,0.395
1.0,3.018373306036432,0.0008317055874689747,0.12985388597240985,0.21338684088111523,31.19432055912183,159,0.3975
1.0,3.007456192399392,0.0008209232464829997,0.12664483343586408,0.21388279926419965,30.884091738024264,160,0.4
1.0,2.996660385308305,0.0008099786561287747,0.12351960095467476,0.21437447912421173,30.577017097001306,161,0.4025
1.0,2.9859844657192087,0.0007988718238741944,0.12047591783812212,0.21486186361908705,30.27306307884072,162,0.405
1.0,2.9754270324123673,0.0007876027781758758,0.1175115765403173,0.21534493649826383,29.97219652237384,163,0.40750000000000003
1.0,2.964986701746387,0.0007761715685272212,0.11462443086732671,0.21582368210619338,29.674384656762143,164,0.41000000000000003
1.0,2.954662107416141,0.0007645782655022333,0.11181239423613508,0.21629808538568576,29.37959509589216,165,0.41250000000000003
1.0,2.94445190021444,0.0007528229607949257,0.1090734379840191,0.2167681318810883,29.087795832875784,166,0.41500000000000004
1.0,2.9343547477973715,0.0007409057672544007,0.10640558972667803,0.21723380774129183,28.798955234653768,167,0.4175
1.0,2.924369334453257,0.0007288268189155105,0.10380693176388642,0.21769509972256557,28.513042036699805,168,0.42
1.0,2.9144943608751586,0.0007165862710251426,0.10127559953112922,0.21815199519121475,28.230025337822894,169,0.4225
1.0,2.9047285439368493,0.000704184300064105,0.09880978009588377,0.21860448212606232,27.94987459506556,170,0.425
1.0,2.895070616472241,0.0006916211037645552,0.09640771069727637,0.21905254912074973,27.67255961869573,171,0.4275
1.0,2.8855193270581516,0.0006788969011229866,0.094067677327841,0.2194961853858562,27.398050567290213,172,0.43
1.0,2.8760734398003853,0.0006660119324088162,0.09178801335607757,0.2199353807508343,27.126317942907303,173,0.4325
1.0,2.866731734123073,0.0006529664591684401,0.08956709818867828,0.2203701256657604,26.85733258634683,174,0.435
1.0,2.857493004561185,0.0006397607642248506,0.087403355971263,0.22080041120289615,26.59106567249536,175,0.4375
1.0,2.8483560605561937,0.0006263951516727378,0.08529525432637625,0.22122622905806383,26.327488705754636,176,0.44
1.0,2.8393197262548333,0.0006128699468691323,0.08324130312790134,0.22164757155182957,26.066573515551518,177,0.4425
1.0,2.8303828403108566,0.0005991854964194749,0.08124005331049053,0.22206443163049508,25.80829225192728,178,0.445
1.0,2.821544255689803,0.0005853421681592348,0.07929009571331494,0.2224768028668979,25.552617381204673,179,0.4475
1.0,2.812802839476682,0.000571340351130938,0.07739005995687326,0.22288467946101675,25.29952168173087,180,0.45
1.0,2.804157472686538,0.0005571804555566912,0.07553861335208947,0.22328805624038195,25.048978239694716,181,0.4525
1.0,2.7956070500778334,0.0005428629128061313,0.07373445984063957,0.2236869286602916,24.80096044501647,182,0.455
1.0,2.7871504799686377,0.0005283881753598678,0.07197633896555837,0.2240812928038304,24.555441987308416,183,0.4575
1.0,2.7787866840555213,0.0005137567167683117,0.07026302487143009,0.22447114538169183,24.312396851904882,184,0.46
1.0,2.770514597235174,0.0004989690316059413,0.06859332533313116,0.22485648373180347,24.07179931596011,185,0.4625
1.0,2.762333167428628,0.000493099438295613,0.06696608081227437,0.22523730581875492,23.83362394461225,186,0.465
1.0,2.754241355408109,0.00048720699402810626,0.06538016354076281,0.22561361023302828,23.59784558721243,187,0.4675
1.0,2.7462381346264384,0.00048123130785021146,0.06383447663038563,0.22598539619003033,23.364439373617035,188,0.47000000000000003
1.0,2.7383224910489345,0.0004751724062264917,0.062327953207895984,0.22635266352892716,23.133380710542134,189,0.47250000000000003
1.0,2.7304934229878017,0.00046903032603710953,0.06085955557480689,0.2267154127112834,22.904645277978624,190,0.47500000000000003
1.0,2.722749940938938,0.00046280511462146005,0.05942827439105415,0.2270736448195021,22.67820902566661,191,0.47750000000000004
1.0,2.715091067421142,0.00045649682981989447,0.05803312788199942,0.22742736155506954,22.454048169628038,192,0.48
1.0,2.707515836817673,0.0004501055400133717,0.05667316106802137,0.22777656523660522,22.232139188756104,193,0.4825
1.0,2.700023295220102,0.00044363132416106756,0.05534744501601522,0.22812125879771533,22.012458821460292,194,0.485
1.0,2.692612500274462,0.00043707427183585924,0.054055076112193505,0.22846144578465308,21.79498406236585,195,0.4875
1.0,2.685282521029624,0.00043043448325770186,0.052795175355643945,0.22879713035378635,21.579692159066663,196,0.49
1.0,2.678032437787868,0.0004237120693248475,0.05156688767186836,0.22912831726887312,21.3665606089302,197,0.4925
1.0,2.6708613419576333,0.00041690715164282514,0.050369381245917694,0.22945501189814677,21.155567155953594,198,0.495
1.0,2.6637683359083764,0.0004100198625511665,0.049201846874406936,0.22977722021121263,20.946689787669726,199,0.4975
1.0,2.6567525328275408,0.000403050345147935,0.04806349733596873,0.23009494877575626,20.739906732102316,200,0.5
1.0,2.6498130565795828,0.0003959987533118567,0.04695356677955531,0.23040820475406681,20.535196454768943,201,0.5025000000000001
1.0,2.6429490415670225,0.00038886525172214797,0.045871310130083186,0.2307169958993761,20.332537655731084,202,0.505
1.0,2.6361596325934804,0.00038165001587594,0.044816002510954266,0.23102133055201585,20.13190926669013,203,0.5075000000000001
1.0,2.629443984728697,0.0003743532321033438,0.04378693868287734,0.23132121763539426,19.933290448128506,204,0.51
1.0,2.622801263175463,0.00036697509758001304,0.04278343249866134,0.23161666665179562,19.73666058649496,205,0.5125
1.0,2.616230643138459,0.000359515820337248,0.041804816373387774,0.2319076876780033,19.5419992914331,206,0.515
1.0,2.6097313096949626,0.00035197561926962,0.040850440769591795,0.23219429136075104,19.349286393052356,207,0.5175
1.0,2.603302457667394,0.0003443547241400159,0.039919673696995006,0.23247648891200126,19.158501939240473,208,0.52
1.0,2.596943291497674,0.0003366533755821649,0.03901190022639008,0.23275429210405743,18.969626193016737,209,0.5225
1.0,2.590653025123357,0.00032887182510052,0.03812652201723334,0.23302771326450925,18.782639629925146,210,0.525
1.0,2.5844308818555253,0.0003210103350675328,0.037262956858604514,0.23329676527101612,18.597522935466646,211,0.5275
1.0,2.578276094258408,0.00031306917871831523,0.03642063822312405,0.23356146154593022,18.414257002569823,212,0.53
1.0,2.572187904030685,0.0003050486401425819,0.03559901483340503,0.2338218160507628,18.232822929099093,213,0.5325
1.0,2.566165561888482,0.00029694901427388944,0.03479755024080785,0.23407784328049663,18.053202015399908,214,0.535
1.0,2.560208327449994,0.0002887706068762003,0.03401572241599754,0.23432955825774848,17.875375761880004,215,0.5375
1.0,2.5543154691217405,0.0002805137345276283,0.03325302335105708,0.2345769765267821,17.69932586662618,216,0.54
1.0,2.548486263986401,0.0002721787246014639,0.03250895867282583,0.23482011414737972,17.525034223055886,217,0.5425
1.0,2.5427199976922323,0.00026376591524441954,0.031783047267087666,0.23505898768857092,17.35248291760289,218,0.545
1.0,2.537015964344024,0.00025527565535200694,0.031074820913342044,0.23529361422222472,17.181654227436486,219,0.5475
1.0,2.5313734663955736,0.0002467083045411302,0.030383823929842176,0.2355240113165071,17.01253061821347,220,0.55
1.0,2.525791814543658,0.00023806423311985964,0.029709612828614083,0.23575019702921085,16.845094741862443,221,0.5525
1.0,2.5202703276234875,0.0002293438220542546,0.029051755980151816,0.23597218990095525,16.67932943439964,222,0.555
1.0,2.514808332505596,0.0002205474629324007,0.028409833287536,0.23619000894826597,16.515217713775904,223,0.5575
1.0,2.509405163994166,0.00021167555792551778,0.027783435869675854,0.23640367365653395,16.352742777754024,224,0.56
1.0,2.5040601647267704,0.00020272851974614722,0.027172165753488593,0.23661320397285968,16.191888001816075,225,0.5625
1.0,2.498772685075476,0.00019370677160350405,0.026575635574621316,0.23681862029878703,16.032636937100023,226,0.5650000000000001
1.0,2.4935420830493378,0.00018461074715581197,0.025993468286644377,0.23701994348292776,15.87497330836522,227,0.5675
1.0,2.488367724198208,0.00017544089045978142,0.02542529687832648,0.2372171948134842,15.718881011986175,228,0.5700000000000001
1.0,2.4832489815178906,0.00016619765591710279,0.024870764098856822,0.23741039601067193,15.564344113974073,229,0.5725
1.0,2.4781852353565865,0.00015688150821805585,0.024329522190735427,0.2375995692190459,15.411346848025651,230,0.5750000000000001
1.0,2.4731758733226146,0.00014749292228214634,0.023801232630158008,0.2377847369997369,15.259873613598819,231,0.5775
1.0,2.4682202901934134,0.000138032383195783,0.02328556587461798,0.23796592232259983,15.10990897401463,232,0.58
1.0,2.463317887825766,0.00012850038614706455,0.02278220111758247,0.2381431485582782,14.961437654585083,233,0.5825
1.0,2.4584680750672665,0.00011889743635753124,0.02229082605003668,0.23831643947019138,14.81444454076637,234,0.585
1.0,2.4536702676689806,0.00010922404901112717,0.02181113662863248,0.23848581920644418,14.66891467633703,235,0.5875
1.0,2.4489238881993,9.94807491800688e-05,0.021342836850347487,0.2386513122916687,14.524833261600653,236,0.59
1.0,2.4442283659589608,8.966807174787047e-05,0.0208856385334183,0.23881294361879715,14.382185651612678,237,0.5925
1.0,2.4395831368972254,7.978656132948522e-05,0.020439261104343978,0.23897073844077396,14.240957354430844,238,0.595
1.0,2.4349876435291895,6.983677218845284e-05,0.02000343139087138,0.23912472236220841,14.10113402938896,239,0.5975
1.0,2.4304413348542067,5.98192681511731e-05,0.019577883420716504,0.23927492133097403,13.962701485393508,240,0.6
1.0,2.425943666275419,4.973462251833635e-05,0.01916235822587903,0.2394213616297583,13.825645679242752,241,0.6025
1.0,2.4214940995203813,3.958341797349648e-05,0.018756603652411444,0.23956406986756576,13.689952713967951,242,0.605
1.0,2.417092102562727,2.9366246488651457e-05,0.018360374175474266,0.23970307297118051,13.555608837196289,243,0.6075
1.0,2.4127371495449155,1.9083709227195242e-05,0.01797343071951652,0.23983839817659092,13.422600439535191,244,0.61
1.0,2.4084287207020023,8.736416443859696e-06,0.01759554048347334,0.2399700730203813,13.290914052977657,245,0.6125
1.0,2.4041663022864364,-0.0,0.017226476770785468,0.24009812533109468,13.160536349328238,246,0.615
1.0,2.3999493864938524,-0.0,0.016866018824149093,0.24022258322056927,13.031454138649325,247,0.6175
1.0,2.3957774713898807,-0.0,0.016513951664849025,0.24034347507525658,12.903654367727494,248,0.62
1.0,2.3916500608378986,-0.0,0.01617006593652971,0.2404608295475203,12.777124118559415,249,0.6225
1.0,2.3875666644277826,-0.0,0.015834157753311436,0.24057467554692255,12.651850606857192,250,0.625
1.0,2.3835267974055756,-0.0,0.015506028552093844,0.24068504223150397,12.527821180572658,251,0.6275000000000001
1.0,2.379529980604115,-0.0,0.015185484948945225,0.2407919589990542,12.40502331844046,252,0.63
1.0,2.375575740374562,-0.0,0.014872338599477914,0.24089545547838545,12.283444628539499,253,0.6325000000000001
1.0,2.3716636085188587,-0.0,0.01456640606305876,0.24099556152060725,12.16307284687256,254,0.635
1.0,2.367793122223057,-0.0,0.01426750867080769,0.24109230719040736,12.04389583596374,255,0.6375000000000001
1.0,2.3639638239915493,-0.0,0.013975472397171968,0.24118572275734448,11.925901583473422,256,0.64
1.0,2.3601752615821536,-0.0,0.01369012773514115,0.24127583868715458,11.809078200830632,257,0.6425
1.0,2.3564269879420627,-0.0,0.013411309574793933,0.2413626856330739,11.693413921882255,258,0.645
1.0,2.352718561144636,-0.0,0.013138857085280953,0.24144629442718518,11.57889710155911,259,0.6475
1.0,2.3490495443270163,-0.0,0.01287261360000838,0.2415266960717895,11.465516214558475,260,0.65
1.0,2.345419505628578,-0.0,0.012612426504996797,0.24160392173080347,11.353259854042845,261,0.6525
1.0,2.341828018130167,-0.0,0.012358147130318778,0.24167800272119175,11.242116730354683,262,0.655
1.0,2.3382746597941564,-0.0,0.012109630644495203,0.2417489705044345,11.132075669746884,263,0.6575
1.0,2.3347590134052623,-0.0,0.011866735951841059,0.24181685667803168,11.023125613128803,264,0.66
1.0,2.3312806665121575,-0.0,0.011629325592567052,0.24188169296705253,10.915255614827442,265,0.6625
1.0,2.327839211369833,-0.0,0.011397265645682964,0.24194351121572719,10.80845484136379,266,0.665
1.0,2.3244342448827133,-0.0,0.011170425634525876,0.2420023433790898,10.70271257024387,267,0.6675
1.0,2.32106536854851,-0.0,0.01094867843490371,0.24205822151467152,10.598018188764465,268,0.67
1.0,2.3177321884028115,-0.0,0.010731900185726435,0.24211117777424776,10.49436119283314,269,0.6725
1.0,2.3144343149643962,-0.0,0.010519970202123499,0.24216124439564496,10.391731185802472,270,0.675
1.0,2.3111713631812356,-0.0,0.010312770890894949,0.2422084536946061,10.290117877318213,271,0.6775
1.0,2.3079429523772172,-0.0,0.010110187668313004,0.24225283805671952,10.189511082181179,272,0.68
1.0,2.3047487061995473,-0.0,0.009912108880159335,0.24229442992941577,10.08990071922274,273,0.6825
1.0,2.301588252566837,-0.0,0.009718425723930077,0.24233326181403003,9.991276810193597,274,0.685
1.0,2.29846122361785,-0.0,0.009529032173176482,0.24236936625793942,9.89362947866574,275,0.6875
1.0,2.295367255660927,-0.0,0.009343824903932511,0.2424027758467707,9.796948948947401,276,0.6900000000000001
1.0,2.2923059891240474,-0.0,0.009162703223113387,0.2424335231966863,9.701225545010733,277,0.6925
1.0,2.2892770685055392,-0.0,0.008985568998877591,0.24246164094674924,9.606449689432107,278,0.6950000000000001
1.0,2.286280142325417,-0.0,0.008812326592888994,0.2424871617513676,9.512611902344856,279,0.6975
1.0,2.283314863077353,-0.0,0.008642882794440828,0.24251011827282284,9.419702800404231,280,0.7000000000000001
1.0,2.280380887181256,-0.0,0.00847714675632386,0.24253054317388426,9.327713095764421,281,0.7025
1.0,2.2774778749364613,-0.0,0.00831502993249787,0.2425484691105092,9.236633595067516,282,0.705
1.0,2.274605490475519,-0.0,0.008156446017391817,0.242563928724634,9.146455198444118,283,0.7075
1.0,2.271763401718569,-0.0,0.008001310886926941,0.24257695463705592,9.057168898525664,284,0.71
1.0,2.2689512803283,-0.0,0.007849542541063813,0.2425875794404073,8.968765779468002,285,0.7125
1.0,2.2661688016654886,-0.0,0.007701061047966186,0.24259583569222634,8.881237015986343,286,0.715
1.0,2.263415644745088,-0.0,0.007555788489649088,0.24260175590812288,8.794573872401214,287,0.7175
1.0,2.260691492192898,-0.0,0.00741364890909708,0.24260537255504294,8.708767701695457,288,0.72
1.0,2.2579960302027575,-0.0,0.007274568258841961,0.2426067180446334,8.623809944581952,289,0.7225
1.0,2.2553289484943138,-0.0,0.007138474350881437,0.24260582472670714,8.53969212858199,290,0.725
1.0,2.252689940271291,-0.0,0.00700529680802255,0.2426027248828105,8.456405867114226,291,0.7275
1.0,2.2500787021803124,-0.0,0.0068749670164572965,0.24259745071989636,8.373942858593885,292,0.73
1.0,2.2474949342702337,-0.0,0.00674741807968128,0.24259003436410015,8.292294885542308,293,0.7325
1.0,2.24493833995199,-0.0,0.006622584773639635,0.24258050785462268,8.211453813706495,294,0.735
1.0,2.24240862595895,-0.0,0.0065004035030514435,0.24256890313772092,8.131411591188664,295,0.7375
1.0,2.239905502307771,-0.0,0.006380812258966229,0.24255525206080633,8.052160247585604,296,0.74
1.0,2.2374286822597425,-0.0,0.006263750577408646,0.24253958636665315,7.973691893137715,297,0.7425
1.0,2.234977882282622,-0.0,0.006149159499174736,0.24252193768771568,7.895998717887642,298,0.745
1.0,2.2325528220129476,-0.0,0.006036981530687628,0.24250233754055736,7.819072990848306,299,0.7475
1.0,2.230153224218817,-0.0,0.005927160605909016,0.24248081732039056,7.742907059180301,300,0.75
1.0,2.227778814763144,-0.0,0.00581964204928137,0.24245740829572932,7.667493347378444,301,0.7525000000000001
1.0,2.2254293225673685,-0.0,0.00571437253966247,0.24243214160315452,7.592824356467432,302,0.755
1.0,2.223104479575619,-0.0,0.005611300075204079,0.24240504824219197,7.518892663206413,303,0.7575000000000001
1.0,2.220804020719329,-0.0,0.005510373939218019,0.24237615907030435,7.445690919302458,304,0.76
1.0,2.218527683882284,-0.0,0.005411544666907922,0.2423455047979982,7.37321185063272,305,0.7625000000000001
1.0,2.216275209866126,-0.0,0.005314764013013062,0.24231311598404273,7.301448256475212,306,0.765
1.0,2.2140463423562537,-0.0,0.005219984920327439,0.24227902303080615,7.23039300874812,307,0.7675000000000001
1.0,2.211840827888182,-0.0,0.005127161489047827,0.24224325617970444,7.160039051257489,308,0.77
1.0,2.209658415814297,-0.0,0.005036248946923717,0.24220584550676716,7.0903793989532105,309,0.7725
1.0,2.207498858271031,-0.0,0.004947203620239457,0.2421668209183147,7.021407137193199,310,0.775
1.0,2.2053619101464434,-0.0,0.004859982905542426,0.24212621214675448,6.953115421015664,311,0.7775
1.0,2.2032473290482053,-0.0,0.004774545242129337,0.24208404874648848,6.885497474419314,312,0.78
1.0,2.201154875271986,-0.0,0.004690850085281333,0.24204036008993854,6.818546589651545,313,0.7825
1.0,2.199084311770207,-0.0,0.00460885788018607,0.24199517536368215,6.752256126504313,314,0.785
1.0,2.1970354041212135,-0.0,0.004528530036561236,0.2419485235647069,6.686619511617733,315,0.7875
1.0,2.1950079204988073,-0.0,0.0044498289039786474,0.24190043349677492,6.621630237791314,316,0.79
1.0,2.1930016316421574,-0.0,0.004372717747792174,0.24185093376690348,6.5572818633026095,317,0.7925
1.0,2.191016310826082,-0.0,0.004297160725744283,0.24180005278195724,6.493568011233342,318,0.795
1.0,2.189051733831702,-0.0,0.004223122865187383,0.24174781874535411,6.430482368802834,319,0.7975
1.0,2.1871076789174464,-0.0,0.004150570040890098,0.2416942596538817,6.368018686708634,320,0.8
1.0,2.185183926790421,-0.0,0.004079468953446823,0.24163940329462788,6.306170778474318,321,0.8025
1.0,2.183280260578124,-0.0,0.004009787108243757,0.24158327724201928,6.244932519804304,322,0.805
1.0,2.1813964658005114,-0.0,0.003941492795014353,0.241525908854972,6.184297847945701,323,0.8075
1.0,2.179532330342393,-0.0,0.0038745550678746937,0.24146732527415227,6.124260761056943,324,0.81
1.0,2.177687644426191,-0.0,0.003808943725948888,0.24140755341934406,6.064815317583308,325,0.8125
1.0,2.1758622005850072,-0.0,0.003744629294464787,0.24134661998692647,6.005955635639123,326,0.8150000000000001
1.0,2.1740557936360307,-0.0,0.003681583006363669,0.24128455144745697,5.94767589239659,327,0.8175
1.0,2.172268220654263,-0.0,0.0036197767843782406,0.24122137404336302,5.889970323481179,328,0.8200000000000001
1.0,2.1704992809465735,-0.0,0.0035591832236093646,0.2411571137867363,5.83283322237353,329,0.8225
1.0,2.168748776026062,-0.0,0.0034997755745294246,0.24109179645723391,5.776258939817709,330,0.8250000000000001
1.0,2.167016509586738,-0.0,0.0034415277264614598,0.24102544760008215,5.720241883235819,331,0.8275
1.0,2.165302287478505,-0.0,0.0033844141914686483,0.2409580925241824,5.664776516148874,332,0.8300000000000001
1.0,2.163605917682447,-0.0,0.00332841008866357,0.24088975630031925,5.609857357603801,333,0.8325
1.0,2.1619272102864246,-0.0,0.003273491128958728,0.24082046375946833,5.555478981606614,334,0.835
1.0,2.1602659774609516,-0.0,0.0032196336001830243,0.24075023949120417,5.501636016561559,335,0.8375
1.0,2.158622033435374,-0.0,0.0031668143526038355,0.2406791078422052,5.44832314471626,336,0.84
1.0,2.156995194474337,-0.0,0.003115010784827171,0.24060709291485682,5.395535101612756,337,0.8425
1.0,2.1553852788545367,-0.0,0.0030642008300515913,0.24053421856594984,5.343266675544332,338,0.845
1.0,2.15379210684174,-0.0,0.0030143629427021017,0.24046050840547276,5.2915127070181365,339,0.8475
1.0,2.1522155006681065,-0.0,0.0029654760854076153,0.24038598579549872,5.240268088223493,340,0.85
1.0,2.150655284509754,-0.0,0.0029175197162827327,0.2403106738491634,5.18952776250578,341,0.8525
1.0,2.149111284464624,-0.0,0.0028704737765996332,0.24023459542973424,5.139286723845953,342,0.855
1.0,2.147583328530589,-0.0,0.002824318678743422,0.24015777314976947,5.0895400163455085,343,0.8575
1.0,2.1460712465838347,-0.0,0.0027790352944642924,0.24008022937036447,5.040282733716857,344,0.86
1.0,2.1445748703575074,-0.0,0.002734604943482036,0.24000198620048477,4.991510018779145,345,0.8625
1.0,2.1430940334206023,-0.0,0.0026910093823523887,0.23992306549638734,4.943217062959303,346,0.865
1.0,2.141628571157117,-0.0,0.00264823079362887,0.23984348886112075,4.8953991057983695,347,0.8675
1.0,2.140178320745448,-0.0,0.0026062517753042943,0.23976327764411362,4.848051434463031,348,0.87
1.0,2.1387431211380443,-0.0,0.002565055330525553,0.23968245294084067,4.801169383262243,349,0.8725
1.0,2.1373228130412887,-0.0,0.002524624857582838,0.23960103559256962,4.754748333168963,350,0.875
1.0,2.1359172388956353,-0.0,0.0024849441401357214,0.23951904618618816,4.70878371134684,351,0.8775000000000001
1.0,2.13452624285597,-0.0,0.002445997337735341,0.23943650505410485,4.663270990681948,352,0.88
1.0,2.133149670772218,-0.0,0.0024077689765172826,0.23935343227422923,4.618205689319315,353,0.8825000000000001
1.0,2.131787370170172,-0.0,0.0023702439402137204,0.23926984767002304,4.573583370204363,354,0.885
1.0,2.1304391902325555,-0.0,0.0023334074613446994,0.23918577081062625,4.529399640629144,355,0.8875000000000001
1.0,2.129104981780313,-0.0,0.0022972451126543197,0.23910122101105274,4.485650151783255,356,0.89
1.0,2.1277845972541125,-0.0,0.0022617427987593293,0.2390162173324581,4.4423305983094945,357,0.8925000000000001
1.0,2.126477890696081,-0.0,0.00222688674802822,0.23893077858247244,4.399436717864108,358,0.895
1.0,2.125184717731742,-0.0,0.0021926635046436377,0.23884492331560403,4.356964290681665,359,0.8975
1.0,2.1239049355521864,-0.0,0.002159059920890136,0.23875866983370442,4.314909139144386,360,0.9
1.0,2.122638402896434,-0.0,0.002126063149629563,0.23867203618650026,4.273267127356017,361,0.9025
1.0,2.12138498003402,-0.0,0.0020936606369579354,0.2385850401721873,4.232034160720098,362,0.905
1.0,2.1201445287477823,-0.0,0.0020618401150783385,0.2384976993380835,4.191206185522622,363,0.9075
1.0,2.118916912316844,-0.0,0.0020305895953258743,0.23841003098134425,4.15077918851902,364,0.91
1.0,2.117701995499811,-0.0,0.0019998973613896296,0.23832205214973384,4.11074919652542,365,0.9125
1.0,2.1164996445181634,-0.0,0.001969751962696629,0.2382337796424541,4.071112276014152,366,0.915
1.0,2.1153097270398344,-0.0,0.0019401422079703475,0.23814523001102897,4.031864532713455,367,0.9175
1.0,2.114132112162993,-0.0,0.0019110571589465901,0.23805641956024154,3.993002111211288,368,0.92
1.0,2.1129666704000147,-0.0,0.0018824861242605993,0.23796736434912372,3.954521194563276,369,0.9225
1.0,2.1118132736616335,-0.0,0.0018544186534754192,0.23787808019199777,3.9164180039046856,370,0.925
1.0,2.1106717952413026,-0.0,0.0018268445312659234,0.23778858265956654,3.878688798066416,371,0.9275
1.0,2.109542109799706,-0.0,0.0017997537717581841,0.23769888708005008,3.841329873194962,372,0.93
1.0,2.1084240933494756,-0.0,0.0017731366130012219,0.23760900854037337,3.8043375623762743,373,0.9325
1.0,2.1073176232400894,-0.0,0.0017469835115842848,0.23751896188739352,3.767708235263532,374,0.935
1.0,2.1062225781429245,-0.0,0.0017212851373896447,0.23742876172917496,3.731438297708711,375,0.9375
1.0,2.1051388380365115,-0.0,0.0016960323684725661,0.23733842243630512,3.695524191397983,376,0.9400000000000001
1.0,2.10406628419194,-0.0,0.001671216286078252,0.23724795814325256,3.6599623934908383,377,0.9425
1.0,2.103004799158453,-0.0,0.0016468281697792208,0.237157382749763,3.624749416262946,378,0.9450000000000001
1.0,2.1019542667491957,-0.0,0.0016228594927398376,0.2370667099222951,3.58988180675267,379,0.9475
1.0,2.1009145720271336,-0.0,0.0015993019170866913,0.23697595309549274,3.555356146411211,380,0.9500000000000001
1.0,2.0998856012911467,-0.0,0.0015761472894163585,0.23688512547369336,3.521169050756374,381,0.9525
1.0,2.0988672420622696,-0.0,0.0015533876363886432,0.23679424003246913,3.4873171690298452,382,0.9550000000000001
1.0,2.0978593830700967,-0.0,0.0015310151604650093,0.23670330952020416,3.453797183858025,383,0.9575
1.0,2.0968619142393545,-0.0,0.001509022235718858,0.23661234645970095,3.4206058109163147,384,0.96
1.0,2.0958747266766244,-0.0,0.001487401403774856,0.23652136314981742,3.387739798596853,385,0.9625
1.0,2.0948977126572133,-0.0,0.0014661453698298398,0.23643037166713618,3.355195927679654,386,0.965
1.0,2.093930765612182,-0.0,0.0014452469987994935,0.23633938386765765,3.3229710110071196,387,0.9675
1.0,2.0929737801155377,-0.0,0.001424699311529112,0.23624841138852318,3.291061893161871,388,0.97
1.0,2.0920266518715436,-0.0,0.001404495481129619,0.23615746564976248,3.2594654501478906,389,0.9725
1.0,2.091089277702213,-0.0,0.0013846288293796099,0.2360665578560663,3.22817858907491,390,0.975
1.0,2.090161555534914,-0.0,0.0013650928232311497,0.23597569899858092,3.1971982478460346,391,0.9775
1.0,2.089243384390149,-0.0,0.0013458810714014708,0.23588489985672678,3.166521394848568,392,0.98
1.0,2.088334664369444,-0.0,0.0013269873210393543,0.23579417100003608,3.136145028647953,393,0.9825
1.0,2.08743529664341,-0.0,0.0013084054544877455,0.235703522790012,3.1060661776848946,394,0.985
1.0,2.086545183439916,-0.0,0.0012901294861133068,0.23561296538200577,3.0762818999755304,395,0.9875
1.0,2.0856642280324116,-0.0,0.001272153559230099,0.23552250872711147,3.0467892828146836,396,0.99
1.0,2.0847923347283848,-0.0,0.0012544719430763426,0.23543216257407792,3.0175854424821162,397,0.9925
1.0,2.0839294088579488,-0.0,0.0012370790298954313,0.23534193647123566,2.988667523951817,398,0.995
1.0,2.0830753567625604,-0.0,0.0012199693320566573,0.23525183976843864,2.960032700604197,399,0.9975
1.0,2.082230085783868,-0.0,0.0012031374792754804,0.23516188161901957,2.931678173941265,400,1.0
