sample,time,stage9_rho,stage9_momentum_x,stage9_momentum_y,stage9_momentum_z,stage9_energy_trace,stage9_M200,stage9_M020,stage9_M002,stage9_M300,stage9_M030,stage9_M003,stage9_M400,stage9_M040,stage9_M004,stage9_M110,stage9_M101,stage9_M011,stage9_M210,stage9_stress_norm,stage9_qx,stage9_qy,stage9_qz,stage9_heat_flux_norm,stage9_realizability_margin,grad_rho,grad_momentum_x,grad_momentum_y,grad_momentum_z,grad_energy_trace,grad_M200,grad_M020,grad_M002,grad_M300,grad_M030,grad_M003,grad_M400,grad_M040,grad_M004,grad_M110,grad_M101,grad_M011,grad_M210,grad_stress_norm,grad_qx,grad_qy,grad_qz,grad_heat_flux_norm,grad_realizability_margin,particle_rho,particle_momentum_x,particle_momentum_y,particle_momentum_z,particle_energy_trace,particle_M200,particle_M020,particle_M002,particle_M300,particle_M030,particle_M003,particle_M400,particle_M040,particle_M004,particle_M110,particle_M101,particle_M011,particle_M210,particle_stress_norm,particle_qx,particle_qy,particle_qz,particle_heat_flux_norm,particle_realizability_margin,particle_sem_M000,particle_sem_M100,particle_sem_M200,particle_sem_M300,particle_sem_M400,particle_sem_M010,particle_sem_M110,particle_sem_M210,particle_sem_M310,particle_sem_M020,particle_sem_M120,particle_sem_M220,particle_sem_M030,particle_sem_M130,particle_sem_M040,particle_sem_M001,particle_sem_M101,particle_sem_M201,particle_sem_M301,particle_sem_M002,particle_sem_M102,particle_sem_M202,particle_sem_M003,particle_sem_M103,particle_sem_M004,particle_sem_M011,particle_sem_M111,particle_sem_M211,particle_sem_M021,particle_sem_M121,particle_sem_M031,particle_sem_M012,particle_sem_M112,particle_sem_M013,particle_sem_M022
0,0.0,1.0,0.0,0.0,0.0,3.000000000000001,1.4926108374384242,1.4926108374384242,0.01477832512315271,0.0,0.0,0.0,2.315683467203767,2.315683467203767,0.0006551966803368197,-1.4778325123152714,0.0,0.0,0.0,2.413290386978501,0.0,0.0,0.0,0.0,0.0002002919811992695,1.0,0.0,0.0,0.0,3.000000000000001,1.4926108374384242,1.4926108374384242,0.01477832512315271,0.0,0.0,0.0,2.315683467203767,2.315683467203767,0.0006551966803368197,-1.4778325123152714,0.0,0.0,0.0,2.413290386978501,0.0,0.0,0.0,0.0,0.0002002919811992695,1.0,0.0,0.0,0.0,3.0,1.4926108374384237,1.4926108374384237,0.014778325123152714,0.0,0.0,0.0,2.315683467203768,2.315683467203768,0.0006551966803368199,-1.477832512315271,0.0,0.0,0.0,2.4132903869785007,0.0,0.0,0.0,0.0,0.00020029198119925415,0.0,0.0,1.146633409319802e-16,0.0,2.293266818639604e-16,0.0,1.146633409319802e-16,0.0,1.146633409319802e-16,1.146633409319802e-16,0.0,0.0,0.0,1.146633409319802e-16,2.293266818639604e-16,0.0,0.0,0.0,0.0,8.958073510310954e-19,0.0,8.958073510310954e-19,0.0,0.0,5.598795943944346e-20,0.0,0.0,0.0,0.0,0.0,0.0,0.0,0.0,0.0,8.958073510310954e-19
1,0.025,1.0,0.0,0.0,0.0,3.000000000000002,1.4685859243941726,1.468585924394173,0.06282815121165647,3.9716969224166256e-16,2.0592781589394667e-16,5.008331039660657e-18,2.514160492601009,2.514160492601011,0.01183740439248328,-1.4057577731825164,2.6711390487068065e-17,1.1624575147571902e-17,1.3777925214954147e-16,2.295592830832197,2.414488833265889e-16,1.7500434992274795e-16,6.307965960851863e-18,2.9826812800918507e-16,0.0034679748286513532,1.0,0.0,0.0,0.0,3.0000000000000018,1.4685859233993666,1.4685859233993666,0.06282815320126851,-3.722988943583647e-17,-3.7962941550865336e-17,-3.849483219962462e-21,2.5172796881023007,2.5172796881023007,0.011837422609721714,-1.4057577701980983,-3.6172330874774254e-32,-3.62737909218256e-32,3.7757169484519896e-17,2.2955928259586624,6.673970656750646e-28,6.664745452317031e-28,-1.314138135473525e-29,9.432814312904726e-28,0.003256802133264105,1.0,-5.346471963069144e-18,9.679892521222144e-18,7.1006771968328e-18,3.0000000000000004,1.468527833253205,1.4686005524715722,0.06287161427522363,-0.000522264848585055,6.951301986893874e-05,5.769446232337995e-06,2.5146505025280668,2.5141926414153435,0.011850039296887889,-1.4056776008721283,-9.730495647946188e-05,0.00014667367357303963,7.676928307748543e-05,2.295468038721258,-0.00014969986602913666,-2.4427924789876935e-06,-0.00018541917643844164,0.00023831971826801662,0.0034555419897879403,0.0,1.444578771038217e-17,0.00030631083406800944,0.0003374822077476531,0.0012447080915035324,1.6848472086083697e-17,8.931345121003855e-05,0.0001348189969719714,0.0006349499963177361,0.000313137674139554,7.415142574632813e-05,0.0003542660049287601,0.00023683390777349536,0.0006595532926452595,0.0012975996298153617,7.249464589747088e-18,0.00020057141321481745,9.510683807487979e-05,0.00044044978115554106,8.81179193802361e-05,9.386376764463848e-05,0.0001560332928085902,2.3236715351779876e-05,6.02928188220755e-05,4.150871271898703e-05,0.00020191956317217342,7.345543286664939e-05,0.0003720380650679692,0.0001012971028540094,0.0003729513008137384,0.0004316996402884749,9.257487828565866e-05,0.00013609044302552496,5.65687301445553e-05,0.00014000854841511104
2,0.05,1.0,0.0,0.0,0.0,3.0000000000000004,1.4457327215052964,1.4457327215052964,0.10853455698940763,1.5350571619546561e-16,-1.482821522872324e-16,-4.522112829001595e-17,2.682990388957306,2.6829903889573097,0.03529674505702683,-1.3371981645158877,4.008487512530043e-17,9.815442449123241e-20,2.962471759956934e-16,2.183635458700107,5.1423518996833086e-17,7.218539595745399e-17,-2.0754542266077824e-16,2.256772300498948e-16,0.009975268337813245,1.0,0.0,0.0,0.0,3.0,1.4457327182443138,1.4457327182443138,0.10853456351137221,-6.802417814800891e-17,-6.907049120888794e-17,6.6492580077145e-20,2.691068322819563,2.691068322819563,0.03529737078979368,-1.3371981547329412,-3.107791007388206e-32,-3.0304930441784876e-32,6.855632450338845e-17,2.183635442724622,7.898784703071288e-28,7.902886933852833e-28,3.385056599972539e-30,1.117352082092092e-27,0.008972309694504554,1.0,-1.0659062608248115e-17,1.3688052427629493e-17,1.1662796650744461e-17,3.0000000000000004,1.445972861162277,1.4452796119811615,0.1087475268565618,8.296245252046985e-05,-0.00020475999770067514,9.033572295760454e-06,2.684819227385881,2.682672043023308,0.035497544614849046,-1.3368267417242068,-0.0004009622521043583,0.00025280567061466107,-0.00026581269940834367,2.183050301931782,0.00019216768976930808,-0.00024005272700474475,-0.0002555912279510884,0.0003998507328231784,0.00998406932632519,0.0,1.4389799826281e-17,0.00043642546306484504,0.0004969191954908029,0.0018274515873773823,1.7729320509106154e-17,0.00012563330530665362,0.0002218978820492756,0.0007846867829444486,0.000421969694141173,0.00025604834441732185,0.0005554781106586281,0.0003508408650531549,0.0010357985200872676,0.001968831957872323,7.906012910665788e-18,0.00027793546433644607,0.0001259661634559918,0.0006683801049719981,0.00013993168470125935,0.00016629157295235277,0.00020070042811329124,3.629863647466317e-05,0.00011343837785204518,0.00012934028777470823,0.00032015833943366154,0.00011166217908582392,0.0005901496636233302,0.00022289050649728742,0.000616034662323565,0.0007734446635490547,0.00017292016972859,0.0001904731996771286,0.0001100639110986351,0.0002444014044083877
3,0.075,1.0,0.0,0.0,0.0,3.000000000000002,1.4239940839605079,1.4239940839605076,0.15201183207898641,-9.826269734517545e-17,-3.9951014978691943e-16,-2.845664733567679e-17,2.8262827104724244,2.8262827104724266,0.06916507176730606,-1.2719822518815196,2.3999972490524154e-17,-1.3871464104920045e-17,-6.77039924155813e-16,2.077138319324021,-4.513356577561758e-16,-5.543224450915951e-16,-1.610517998598719e-16,7.327447927707359e-16,0.018954686304487055,1.0,0.0,0.0,0.0,3.0,1.423994077056677,1.423994077056677,0.15201184588664618,-5.801601701902249e-17,-5.898733162843598e-17,-4.297378616453874e-19,2.8394455863423205,2.8394455863423205,0.06916868947158647,-1.271982231170029,-2.772440796756716e-32,-2.5218207165551833e-32,5.86197870069151e-17,2.0771382855022993,7.427007459446732e-28,7.4325534154628385e-28,-9.22744332717521e-30,1.0507702158294236e-27,0.01688426152164509,1.0,-6.349358972618235e-18,1.0709884585083373e-17,9.776030760735507e-18,3.0000000000000013,1.4238101888382646,1.4238897278132954,0.15230008334844153,0.0010471490619811577,-0.00039190651925166936,2.2018855869010695e-05,2.82657736569536,2.828515702137807,0.06933788503063268,-1.2715510995892583,-8.96793931894752e-05,9.361878123592985e-05,-0.00044642095567367133,2.0764337594892974,0.0005261661261091119,-0.0003399066556428914,-0.0002319806868770219,0.000667983806614307,0.018968899303244344,0.0,1.5162833128771092e-17,0.0004750968835602269,0.0005024969630709983,0.001943478712679615,1.8138788597193603e-17,0.0002605995695763908,0.00033802364364008693,0.0008589749307564665,0.00045269317543375167,0.00036905614648847487,0.0007770075436587447,0.0004742399701897259,0.001073505255565273,0.0024018132168630185,9.183552364539775e-18,0.0003558655952757651,0.00022185437897269611,0.0008732272350111288,0.00020638629632281974,0.00020748962823599463,0.0003826889633973806,4.252820493517764e-05,0.0001859000039499932,0.00022343801302285733,0.0003239706001879841,0.00019787911534374268,0.0005910757154664045,0.0003180363913966449,0.0005675455636851945,0.0008514957182936296,0.00019626597539323403,0.00029362501529426195,0.00017857787760819244,0.00035296308697922496
4,0.1,1.0,0.0,0.0,0.0,3.000000000000003,1.4033156538201517,1.4033156538201519,0.19336869235969942,5.648978861417454e-16,-6.041765976988148e-16,1.1137402450514286e-16,2.947595761438636,2.9475957614386386,0.11178157685468908,-1.2099469614604519,2.0401896921732533e-17,-3.650586523147216e-17,-6.994343934713653e-16,1.9758351142727004,-1.750903125330282e-16,-6.871184007763258e-16,3.9550770970002544e-16,8.119203548750879e-16,0.029831515552886965,1.0,0.0,0.0,0.0,2.9999999999999982,1.4033156419103328,1.4033156419103328,0.19336871617933285,-6.486520610957043e-17,-6.582814551910295e-17,-4.96994142485227e-19,2.9651185527709014,2.9651185527709014,0.11179301752064139,-1.2099469257309976,-2.8959533783703955e-32,-2.2543564418662897e-32,6.529914415125648e-17,1.9758350559267466,7.468247397345896e-28,7.471141107087338e-28,-1.4511545093217554e-29,1.0564739803898307e-27,0.02670525258746513,1.0,-4.136908914390003e-18,1.4779030863693032e-17,7.535205098774256e-18,3.000000000000001,1.4029344584757761,1.4036625193861192,0.19340302213810556,0.0011576095792861308,0.0001998123714957974,0.00010746914605278861,2.9481956987619116,2.9529181290746056,0.1116249415102688,-1.2094247387849444,-0.000579214291558552,0.00020540471415716926,-0.0003389854163962252,1.975174788470859,0.0003439328335837526,6.194701574077502e-05,-0.00021632628414910434,0.0004110039999682438,0.029739979161850068,0.0,1.5025012124671896e-17,0.0005164879345640422,0.000699011495415815,0.002657184679498504,1.623842205840913e-17,0.0002595293113836163,0.0005167626277149299,0.0008759814221743809,0.0005812688465588158,0.00045465246894222413,0.000889803619646977,0.0007610504104163344,0.0013735355619846775,0.0029283355269562094,9.130129520669055e-18,0.0003660223360713608,0.0003895381625126685,0.0010173150242996799,0.00017120072638344245,0.00024376754689683146,0.0003717023936634558,6.867005745842355e-05,0.00027532119145838964,0.0003380631321439495,0.0003211659406491716,0.00025139186269016486,0.0006577365250108638,0.0003117229107535097,0.0005949858064757758,0.0008116345896577293,0.00021360467945425476,0.0002202555589692962,0.0002718935047691436,0.0002494751758149132
5,0.125,1.0,0.0,0.0,0.0,3.000000000000002,1.383645724035187,1.3836457240351865,0.23270855192962892,2.887857420820094e-16,5.3013339165319e-16,-8.989093320197199e-17,3.050000465112807,3.0500004651128094,0.16168100716157052,-1.1509371721055577,1.8985519179503123e-17,-3.3103244397723803e-17,-7.872475857685512e-16,1.8794725317736274,-9.6993268374721e-17,-1.787038821350481e-16,-1.336302743601006e-16,2.433101350657296e-16,0.0421639122678487,1.0,0.0,0.0,0.0,2.999999999999997,1.3836457059465004,1.3836457059465004,0.23270858810699593,-6.384321960028275e-17,-6.500585207057543e-17,-4.799459777127272e-19,3.070826063734418,3.070826063734418,0.16170722486658867,-1.1509371178395018,-4.264187666077176e-32,-3.16792328026746e-32,6.463622068773756e-17,1.8794724431575303,7.174186302304645e-28,7.178342459124633e-28,-1.1348494049053178e-29,1.0149405322104602e-27,0.03816629717254121,1.0,-5.082197683525802e-20,1.5829351718288365e-17,5.700531735021441e-18,3.0000000000000013,1.3837443312541935,1.3836758037146555,0.2325798650311523,0.0002006765146403664,-0.00014321591916911168,0.0001706112574963201,3.050831231509801,3.0557104207439494,0.16153288991326167,-1.1504338911666165,-0.0004275071374212271,4.249440778538918e-05,-0.0003474490232343765,1.878935108700457,0.00011138654452275045,-0.00012684009551567133,-2.016945944540326e-05,0.0001700064093658326,0.04208789005520139,0.0,1.5322348766904853e-17,0.0004874864105527951,0.0008634961268675138,0.002794294618599442,1.8364678122893304e-17,0.0003227964415115817,0.000578776505133028,0.0008378913389327002,0.0005968670406821176,0.0005463717728146977,0.0009370568859187633,0.0008247094746391987,0.00160187594661723,0.003684623754295347,7.84839920611326e-18,0.00035195738312147657,0.0003404873337930494,0.0010405111725472274,0.0002454247216751304,0.0003010589092562177,0.00045739962453561755,9.996024651778787e-05,0.00039681907577764373,0.0005113575907393137,0.00035362877849944935,0.00028015967112924873,0.0007200852871628906,0.0004357305808458611,0.000693093401910532,0.0010880648866474244,0.00028269753185954766,0.0003198412151258567,0.0003091757147142034,0.0004250919377704367
6,0.15,1.0,0.0,0.0,0.0,3.000000000000002,1.3649351092081106,1.3649351092081106,0.27012978158378126,4.642891767410628e-16,1.1495272944488076e-15,-1.9761418358800525e-16,3.1361412542448948,3.136141254244896,0.21757790427687226,-1.0948053276243277,1.51321904596406e-17,-3.0473461706311843e-17,-8.110356095676224e-16,1.7878096135734456,-2.8311963773379956e-16,1.0524072701922209e-16,-4.541104799329586e-16,5.453885476236133e-16,0.055605076452046084,1.0,0.0,0.0,0.0,2.9999999999999973,1.364935084079659,1.364935084079659,0.27012983184067946,-5.634388280244102e-17,-5.715555549094757e-17,-2.344659000386688e-19,3.159170900368817,3.159170900368817,0.21762701911164942,-1.0948052522389753,-6.127306512278815e-32,-5.060295376761886e-32,5.69469449369302e-17,1.7878094904696817,6.771690777310775e-28,6.765124680277251e-28,-1.0397710583757809e-29,9.572539849055241e-28,0.05092547717893183,1.0,-1.1600963245594897e-17,1.640533412242129e-17,-6.212139635163039e-18,3.0000000000000004,1.3649599794764515,1.365287442696896,0.2697525778266533,0.0001479644470637391,-0.0004179266272242677,9.583217684607674e-05,3.136540089708685,3.141903976050455,0.21781572646031389,-1.0943131711673235,-0.0007004562576694227,0.00018218146043070597,-0.0002677780155026481,1.7874383012683215,0.00014880421291669653,-0.00023893488431939625,-6.430714822780844e-05,0.00028873514167775653,0.055548623907048754,0.0,1.7174181075204185e-17,0.0006660163843693864,0.0007770890720892936,0.003529209881767253,1.836734886410271e-17,0.0003270302553941615,0.0004480184405708153,0.0014047640593878186,0.0006642887221681211,0.0004480226948939967,0.0012214752744797873,0.0009263028225016284,0.0017917498477569654,0.0041321521783584305,2.5626316596885052e-17,0.0005453779294627659,0.00027390430039161815,0.0015462409997576288,0.0003987097229392166,0.0003842899410353795,0.0005605378226406869,0.000116219193264735,0.0005381291105139681,0.0008465784728206308,0.00038068206402752723,0.0002879435191285152,0.0008040846853264478,0.00044748201342389906,0.0007014706972404078,0.0013309752721809528,0.0003619773825733168,0.00043046849258528586,0.0003378062001719995,0.000633293100373308
7,0.17500000000000002,1.0,0.0,0.0,0.0,3.0000000000000027,1.347137022675224,1.3471370226752244,0.30572595464955427,-1.8804776454641847e-16,5.991700617339962e-16,2.0560796387859415e-17,3.20829203178185,3.2082920317818515,0.27834920431162546,-1.0414110680256685,-3.1126453063222205e-18,-1.23752238815325e-17,-5.665360106154514e-16,1.7006171527665002,-3.849287457301233e-16,-5.180793112583227e-17,-1.4000291554321367e-17,3.88651783966716e-16,0.0698783524864224,1.0,0.0,0.0,0.0,2.9999999999999964,1.3471369900092123,1.3471369900092123,0.3057260199815719,-4.684671824986132e-17,-4.7307565655388456e-17,-4.32482885520337e-19,3.232531767194216,3.232531767194216,0.27842934829359567,-1.041410970027634,-8.176573312555236e-32,-7.154608202267982e-32,4.6669738700792175e-17,1.700616992736382,6.520086085669811e-28,6.515683891299428e-28,-6.676573189958621e-30,9.217923670699385e-28,0.06454391890956518,1.0,-1.3491540783866496e-17,1.694743520866404e-17,-1.525336931415544e-17,3.0000000000000013,1.34693991685502,1.3474445438007054,0.3056155393442758,-0.00026855606001692815,-2.969699780427091e-06,5.363360675988825e-05,3.206652984918556,3.213584977253423,0.27864704902699106,-1.0410418800728005,-0.0006589280000591021,0.00046176191316830355,0.00031250978251641027,1.7002330672810007,-0.0002638640070995277,0.00021153248509149912,-0.0001272201478602975,0.0003613241930914686,0.06984750621586062,0.0,2.1325343034379363e-17,0.0006683641447056107,0.0008810094740027316,0.0032786886911179477,1.776576027843401e-17,0.0003407143998597961,0.0005634689193502131,0.0016716724714284756,0.0007000281240680831,0.0005975455828168989,0.0015511759838263263,0.0012025638190643693,0.0018546268094355785,0.003397213252636165,2.910836123666356e-17,0.0005813312093770546,0.0002990411826427153,0.0014921481525287108,0.0004058014665645895,0.0004127531831680231,0.0006275776496001934,0.00012932632823747572,0.0006476023971098559,0.0011151069742760433,0.00043901605808982594,0.0003549203509390078,0.0007445245511155638,0.0005743825447058616,0.0007768443449049587,0.001647993358645694,0.00038997825079791805,0.00048160824681165365,0.0003250479691327336,0.0007183522624954285
8,0.2,1.0,0.0,0.0,0.0,3.000000000000005,1.33020695957223,1.33020695957223,0.3395860808555451,-2.0285947134169887e-16,1.1865700640081777e-16,-3.885076330098785e-16,3.268406442255937,3.2684064422559382,0.3430167125525863,-0.990620878716683,2.0611235688809624e-17,7.807160031639776e-18,-8.27043722175603e-16,1.6176771209355831,-5.430119373027333e-16,-3.8216159367788514e-16,-7.641943864718739e-16,1.0123746875790664e-15,0.08476023588853714,1.0,0.0,0.0,0.0,2.999999999999996,1.330206919229372,1.330206919229372,0.33958616154125226,-3.5470293776076946e-17,-3.5862071318250035e-17,-3.5792962394355253e-19,3.2930278270239888,3.2930278270239888,0.3431349982357908,-0.990620757688111,-9.975131441915121e-32,-8.674156800293617e-32,3.486946737715825e-17,1.6176769232967556,6.168715093273429e-28,6.171291987539019e-28,-4.015178748058509e-30,8.725795256793537e-28,0.07849975183325585,1.0,-1.461301240603119e-17,1.8505975831611954e-17,-2.458343722816156e-17,3.0000000000000018,1.3297008497688638,1.33089551410222,0.3394036361289177,-0.000754263183256268,-0.00017874757023159555,2.1642257208877698e-07,3.265444974310996,3.277621904538769,0.3435389701458422,-0.9900146407437551,-0.0008423159498050961,0.0005410975953715378,3.030002066566897e-05,1.617047318383258,-0.0003785611145920892,7.461243014084399e-05,-0.00023713478254249514,0.0004528889900452468,0.08480723501274742,0.0,2.4231495587573373e-17,0.0007378630410025171,0.0009791915306298358,0.0036335999958097783,1.739689430794109e-17,0.0005833918976724094,0.0005307118970995371,0.001762165860257204,0.0007135999362576102,0.0007959106319373458,0.0016848635998360799,0.0015930449884998426,0.0021012100598118305,0.0032911899023011612,2.883354440268194e-17,0.0005805508334706514,0.0003497679338414138,0.0016172985686363451,0.00045241060156619073,0.0004498622772491864,0.0005657255760655925,0.0001479227984748761,0.0006254538991230139,0.0013982767916001038,0.00041998598817836276,0.00038526741047786585,0.0007063316898926238,0.0006123661893335574,0.0006480748593079646,0.001490743352432799,0.00044531847391726204,0.00044382080569687585,0.0003470285675235418,0.0008048108797291045
9,0.225,1.0,0.0,0.0,0.0,3.0000000000000044,1.3141025855853272,1.3141025855853268,0.3717948288293506,-8.968053555541088e-16,-5.870433074809563e-16,-1.2737034254234366e-16,3.318162355454445,3.318162355454447,0.4107303677285421,-0.9423077567559749,3.643141709218636e-17,3.9948219885614596e-19,-8.356376081897362e-16,1.5387821231458583,-7.547388335283953e-16,-7.14648518785487e-16,-3.11608360986533e-16,1.0851050561465497e-15,0.10006840306215031,1.0,0.0,0.0,0.0,2.999999999999995,1.314102537744708,1.314102537744708,0.3717949245105793,-4.588244384277891e-17,-4.597963836453613e-17,-5.611953588463431e-20,3.342515236770591,3.342515236770591,0.4108921448323566,-0.9423076132341177,-9.724125059088436e-32,-8.138119189424988e-32,4.580961277228997e-17,1.5387818887756508,6.319451370748298e-28,6.321446754541305e-28,-1.72914805231947e-30,8.938481621229192e-28,0.09223532828958132,1.0,-1.1316360175317453e-18,2.484178227707412e-17,-3.6575306178914316e-17,3.0000000000000013,1.3141539787599512,1.3142302149804126,0.3716158062596377,-3.9326784064328555e-05,-0.0003182710252009898,-5.145152819453069e-05,3.319836122046935,3.3238586573128903,0.4113947009818041,-0.9414912027893901,-0.00047285582436714627,0.0005438471072938476,-3.446438573901969e-05,1.5378922114063482,-0.00020335471120265842,0.00011117622982644742,-0.00011080104208345377,0.0002568855067408805,0.10009525077158275,0.0,2.5585313892087407e-17,0.0009231261776889685,0.0011379541709347677,0.005417722035049536,2.5303214241900904e-17,0.000543708876689775,0.0006062965997440111,0.0022023790836450674,0.0006567655445667779,0.0008556601125979246,0.0014856534431294025,0.0017604769034324477,0.0018082202113239138,0.0031140163536937343,3.711422254778949e-17,0.0006428305794046584,0.00048154045982831635,0.001945363352717611,0.0005457383965963215,0.00045318664586690337,0.0005955484949154228,0.00015624248139118848,0.0007067307291805148,0.0016705736453834679,0.00032045162641810524,0.00036248055457185045,0.0010075751743252152,0.0005433485003611159,0.0007980836549986403,0.0010604962971486184,0.0004350398711297507,0.0005011106946963315,0.0004551599852932261,0.000999323294738557
10,0.25,1.0,0.0,0.0,0.0,3.0000000000000053,1.2987836311125465,1.298783631112545,0.4024327377749142,-1.6730895354922646e-15,-9.909768005013647e-16,2.11632553700759e-17,3.35900081690085,3.3590008169008536,0.4807527906105466,-0.896350893337631,6.003573833149176e-17,-1.9209397619364614e-17,-1.0295745431615852e-15,1.4637348794433773,-1.2629976220132924e-15,-1.0460550621582647e-15,-1.3674656779508457e-17,1.6399942629522215e-15,0.11565304184275182,1.0,0.0,0.0,0.0,2.9999999999999947,1.2987835762131112,1.2987835762131112,0.4024328475737724,-4.7248726550414724e-17,-4.731840705377589e-17,1.8829473375617426e-19,3.3826015141483556,3.3826015141483556,0.4809612347146508,-0.8963507286393259,-8.716787687493518e-32,-6.66386322197895e-32,4.7497804504056765e-17,1.4637346104921762,6.233137209171939e-28,6.232359976068757e-28,-3.989624065108921e-30,8.814527897152835e-28,0.10523830578936944,1.0,-8.294146619514109e-18,1.6666220270175613e-17,-2.926414129468882e-17,3.000000000000002,1.2984584049884513,1.2987833797334731,0.40275821527807787,-0.0008928993413478412,-0.0006636282398914386,8.911090319918486e-06,3.3569135438874698,3.3653514703884206,0.48334932186383295,-0.8958151893287549,-0.00030534722687487926,0.00020938599324429551,0.00014137759008695205,1.4628795773931995,-0.000649137952766166,0.00021250714528750692,-0.0001652853461965111,0.0007027507482649843,0.11566161591520793,0.0,4.107910498273019e-17,0.0010596419234540904,0.0011954049239110327,0.00609643924453714,1.9158375696353513e-17,0.0005659578606685317,0.000587933417309836,0.0022494932156594213,0.0007763202033514947,0.0009444550773554893,0.001728185411297603,0.0019060226057283985,0.0024662360845836766,0.0035260418847927505,4.500558022722143e-17,0.0006802530811850881,0.0005765575371826555,0.0021108769883596717,0.0005632952048749882,0.0005128401824829261,0.00046556692872765033,0.0001557134716342075,0.0007378999504529306,0.001813702024615645,0.0003970810893461068,0.00045737627543636947,0.0011132521347040722,0.0005952643019375985,0.0010140345748016607,0.0013486051327625816,0.0005083490310325572,0.0006364084887227572,0.0005451954086795464,0.001212290055601286
11,0.275,1.0,0.0,0.0,0.0,3.0000000000000044,1.2842117905758201,1.2842117905758181,0.4315764188483666,-3.9134282050283843e-16,-2.565194988427361e-15,1.0569131137178433e-16,3.39215953480651,3.3921595348065137,0.5524437907005608,-0.8526353717274522,7.999178463572533e-17,3.055787877451394e-17,-1.5644584263642167e-15,1.392347731587011,8.0543743485986e-17,-2.145849251195784e-15,3.4158886853802366e-16,2.174359505367346e-15,0.13139156935531954,1.0,0.0,0.0,0.0,2.9999999999999933,1.2842117292514614,1.2842117292514614,0.4315765414970706,-4.81787052651478e-17,-4.839198873470819e-17,-1.4001960598723405e-18,3.4146685929234923,3.4146685929234923,0.5527013369891555,-0.8526351877543764,-7.770169260396162e-32,-5.23649953139077e-32,4.909589408468412e-17,1.3923474311602422,6.136839508246362e-28,6.138797216034831e-28,-1.90118174460186e-30,8.680206901841283e-28,0.11713441798408186,1.0,-1.4047194397265317e-17,1.4098016374100575e-17,-3.629197365805775e-17,3.0000000000000027,1.2842958080610896,1.2844626467894056,0.4312415451495075,-0.0005034281431483322,-0.00044594007930603464,8.830243062575531e-06,3.3918682586546534,3.400918977766532,0.5532817548852109,-0.8522647224202279,-0.00016770205442835325,0.00035661926072420836,-0.00015130723539651228,1.3920991015836732,-0.00043318371655552554,0.00021303833645225606,-0.00022367423846756458,0.0005320372449756196,0.13127512963694166,0.0,3.741750137080374e-17,0.0010173535891643258,0.001092202309898506,0.005872890137907786,1.7979038446641113e-17,0.0006293313811839866,0.0006581225252671692,0.0026227189837288822,0.000683937374932435,0.0009065125746283141,0.0018895707352008845,0.0019310981105626587,0.0023326943164995277,0.003047249824678681,5.848917325324241e-17,0.0006208796893893712,0.0006233296742817627,0.0020999615043897175,0.0006499871563873257,0.0004131244734395438,0.0005548726864838929,0.00018143414950740568,0.0008062657901904722,0.0018983022450856457,0.0005102332956112304,0.00045392704031121256,0.0012066276276145426,0.0005275091629276023,0.0010086223649464767,0.002006771666672071,0.00041879071558970896,0.0006641221972311076,0.0006165855208052709,0.0014497345828284806
12,0.3,1.0,0.0,0.0,0.0,3.000000000000005,1.2703506266353235,1.2703506266353204,0.45929874672936083,-2.825049129991573e-16,-2.018151609161498e-15,-1.0959559744872076e-16,3.4187024588355746,3.418702458835576,0.625249353369489,-0.8110518799059604,7.661811516085927e-17,4.2322793411039306e-17,-1.762578861957505e-15,1.324442173796443,8.582519457359447e-17,-1.887771624024307e-15,1.1868140516165715e-16,1.8934447296993144e-15,0.1402235662237422,1.0,0.0,0.0,0.0,2.999999999999992,1.2703505596522189,1.2703505596522189,0.45929888069555436,-4.4217034396922455e-17,-4.420176927450655e-17,-8.250922156984183e-19,3.4398990019041644,3.4398990019041644,0.6255579740420968,-0.8110516789566491,-6.881506535838033e-32,-4.1928386614855646e-32,4.45713928995744e-17,1.3244418456475977,5.861720415690645e-28,5.861241822099465e-28,4.0726196086498586e-30,8.289486145226377e-28,0.12774202538675922,1.0,-2.99781900692242e-17,2.4726585796247535e-17,-2.584043412188694e-17,3.0000000000000018,1.270329374902865,1.270076340557521,0.4595942845396161,0.0005608352586391183,-0.00035832200133281613,-5.753320696133099e-05,3.4188182325103895,3.426635181835688,0.6271200463693551,-0.8101754168188797,-0.00013485634643055428,0.0005335263045618284,-0.0001556160990089956,1.3231880273320795,-0.0001068527493703648,0.00019664308359101414,0.00025069545374903536,0.00033605687450582425,0.14047459336239695,0.0,4.4879344590381987e-17,0.0010872073297509366,0.0011945233822074663,0.006502685461222451,2.743451872630669e-17,0.0006718187105994982,0.0005960137601957594,0.0026876433992483986,0.0006992534177499777,0.00086731476804826,0.0017446923254910414,0.002046407160055974,0.002449973825856728,0.0040344540824966925,5.978899206677454e-17,0.0005763691902999087,0.0006247523121071997,0.002141947515569403,0.0006774096500054922,0.00041386574313491994,0.00071798751264771,0.0001939313534797229,0.0008114917688941811,0.0018747907221067991,0.0006387570563455695,0.00046301965623567247,0.0012550150160079265,0.0005846890414222818,0.0012576450246121612,0.0026358528014187393,0.00041294957112404055,0.0007042899580345626,0.0008475725588054644,0.0013422701509592588
13,0.325,1.0,0.0,0.0,0.0,3.0000000000000044,1.257165479067851,1.2571654790678477,0.4856690418643056,-5.062160287498516e-16,-1.7411405337491264e-15,3.75188180075433e-17,3.4395471982241212,3.4395471982241226,0.6987004704062552,-0.7714964372035433,6.930202585543572e-17,1.3497597350770072e-17,-1.6064901491291715e-15,1.2598484063492306,-4.327451781556042e-17,-1.5334533999583184e-15,4.130102080640503e-16,1.5886879636042459e-15,0.14753531848464851,1.0,0.0,0.0,0.0,2.999999999999992,1.2571654072714251,1.2571654072714251,0.485669185457142,-4.0581763740905353e-17,-4.0567746822344414e-17,-1.2300056821485643e-18,3.4593019850124196,3.4593019850124196,0.6990523636967118,-0.7714962218142671,-6.164045791674896e-32,-3.399973422233799e-32,4.0809236521941394e-17,1.259848054620022,5.613997195111351e-28,5.60972788990713e-28,3.200606678079928e-30,7.936437229250339e-28,0.13705609782091985,1.0,-1.4965378112088978e-17,3.8299441743050444e-17,-3.81723868009623e-17,3.0000000000000027,1.2570196521765666,1.2570163164299621,0.48596403139347377,0.0008578244080106512,-0.001145420224671043,-3.003472326001101e-05,3.4407904035253956,3.448561386686122,0.7012210059997868,-0.7704061248422425,-1.334109165393438e-05,0.000589575026350506,-0.0005671979229651776,1.2583327681816578,0.0002945047421425307,-0.0003489159330325259,0.00047393658704172805,0.0006580966950267705,0.14783046140063044,0.0,4.1638064916920726e-17,0.0010982938154941908,0.0015619210940632908,0.007093334233119304,2.405376955083131e-17,0.0007111850750826066,0.0006447204301179183,0.002951440057997687,0.0009478758934251241,0.0008203136138183695,0.0016585534214438075,0.0018473069225252831,0.002390511216124386,0.005736123063787421,6.25334409939225e-17,0.000616546820780916,0.0005920718688422697,0.002389373512129148,0.0006617034776814551,0.00044518542003815466,0.001316874348678885,0.000231992875506244,0.0009796665472032715,0.002563634826604223,0.0006439435249342636,0.0003644884144917937,0.0014631368262948978,0.0005442092952185078,0.0015564105624561303,0.0027704450344179115,0.0004624180242511746,0.000687188052796179,0.0007166017532433982,0.001327727976029847
14,0.35000000000000003,1.0,0.0,0.0,0.0,3.0000000000000044,1.2446233780981424,1.2446233780981386,0.5107532438037233,-5.82321905439799e-17,-1.3198634056547576e-15,-2.96790604680765e-16,3.4554782926361236,3.4554782926361267,0.7723681810363326,-0.7338701342944173,1.0447017815917947e-16,3.6946596664881115e-17,-1.4074651102450171e-15,1.1984049109927257,1.9133339732095226e-16,-1.1988250196582437e-15,2.922449207252709e-17,1.2143491950941717e-15,0.15393902201026327,1.0,0.0,0.0,0.0,2.999999999999992,1.2446233023602882,1.2446233023602882,0.5107533952794157,-3.6541628961166485e-17,-3.6480516046923355e-17,-1.6188942187653e-18,3.4737378892538358,3.4737378892538358,0.7727719655298,-0.7338699070808565,-5.897226758482603e-32,-3.042120394849273e-32,3.647072425943659e-17,1.198404539954541,5.439599544192847e-28,5.44227538310933e-28,2.5444423460271966e-30,7.694689855053682e-28,0.14518390765981506,1.0,-1.8671994289273797e-17,3.507055214811705e-17,-4.40423251254346e-17,3.000000000000003,1.245542053771562,1.2440919110231756,0.5103660352052651,0.0013472879818564648,-0.0008516162273659441,2.8143678628148144e-05,3.463241749947139,3.4605141023087174,0.773675015184283,-0.7333757055119193,-5.9038152279784675e-06,0.0005007146623873196,-0.00047788886672051295,1.1980373671335052,0.00039009183520190207,-0.00022903479127505002,0.000518060988733693,0.0006877614147023117,0.15428859643738235,0.0,4.221993822584466e-17,0.001000043826128169,0.0016291320274142815,0.005998322345065195,2.3368088523585892e-17,0.0007495666647107566,0.0007084343148423517,0.0029053633668104095,0.000982454318916131,0.0008430842065344948,0.001717138493049442,0.0017929072458284486,0.0023301251516483416,0.006199926600518019,6.853431780296392e-17,0.0007211326957869167,0.0007597094029954304,0.0024316755483882162,0.0008265040705033027,0.0005180765753831603,0.0015304553871001306,0.00023372150367681046,0.0011497215005882157,0.003288626048603461,0.0007558477784406555,0.0004322469497914777,0.0014228778767939457,0.0006805037067129304,0.0017016110643536732,0.003274145941358049,0.0005306774988239998,0.0007652056898528822,0.0008428234843474144,0.0013368034306433655
15,0.375,1.0,0.0,0.0,0.0,3.0000000000000044,1.2326929619341989,1.232692961934194,0.5346140761316116,-1.180576503727036e-15,-2.4147133793561013e-15,8.29366647345443e-17,3.4671822523302236,3.467182252330227,0.8459252950099515,-0.6980788858025849,-1.124400194063996e-17,-4.14347054738328e-17,-1.51240737780594e-15,1.1399580469512942,-5.508071135152271e-16,-1.813115401665222e-15,1.9413004783503428e-17,1.8950337202301546e-15,0.15958935209882616,1.0,0.0,0.0,0.0,2.999999999999992,1.2326928831236403,1.2326928831236403,0.5346142337527114,-3.648904622656667e-17,-3.630903885316701e-17,-2.125065139158468e-18,3.483940063559513,3.483940063559513,0.8463622068574888,-0.6980786493709118,-5.271056471208062e-32,-2.4549409443257094e-32,3.640419732255708e-17,1.1399576608599957,5.218107609826728e-28,5.225621144022269e-28,-2.1204488687703467e-31,7.3848336382675286e-28,0.15227871991634287,1.0,-1.49890950346121e-17,3.2028009801579604e-17,-4.258034625847368e-17,3.0000000000000027,1.233799223626258,1.232390919414702,0.5338098569590427,0.0007391973665446427,-0.0018034744007973465,1.166422534268758e-05,3.476736131932373,3.4738433720053306,0.84414457951553,-0.6976266555020613,-0.00024792347408119904,0.0005970656729329469,-0.00045569484042378127,1.1398980668042722,0.00032474911878373306,-0.0006855658122543306,0.0006617226241431576,0.0010066475571845679,0.16000471396298568,0.0,4.1617541488529626e-17,0.0009746357660155447,0.0016793932580838398,0.005408915090301519,2.724227920131618e-17,0.0008780280249967617,0.0006853211470481249,0.0034301004950766717,0.0011417387629944844,0.0008343682859967504,0.0020751444977540456,0.0016968851177698355,0.002735596009878606,0.007210866936091477,5.955032221674816e-17,0.0007757818550895504,0.0007732726965646628,0.0023852742407978974,0.0009017124977489848,0.0005171410092663708,0.0016854525102535137,0.0002471640875508689,0.0014391336919472614,0.0031987452514648006,0.0007245081434302857,0.00047145133448660097,0.001371929410885052,0.0006780381273035752,0.0017902320763530627,0.0034431490990214824,0.0005226798223784938,0.0008252770572513881,0.001147229115663879,0.0014614214385548839
16,0.4,1.0,0.0,0.0,0.0,3.0000000000000036,1.2213443983496033,1.2213443983495993,0.557311203300801,-1.078557295916904e-15,-1.234233189546788e-15,9.033877897391985e-17,3.475243891041616,3.4752438910416164,0.9190580895955275,-0.6640331950488004,1.52344430807375e-17,3.545502971777213e-17,-1.5666463811540005e-15,1.0843616667597187,-4.685417620090835e-16,-1.3218416039672599e-15,1.003786401891818e-16,1.4060129729599028e-15,0.16461148792856198,1.0,0.0,0.0,0.0,2.999999999999992,1.2213443172991114,1.2213443172991114,0.5573113654017691,-3.488048528631984e-17,-3.475268224858397e-17,-2.0366310145083834e-18,3.490534043061461,3.490534043061461,0.9195192600192335,-0.6640329518973243,-4.5889812599430835e-32,-1.9565201747812248e-32,3.522498689167457e-17,1.0843612696950282,5.089680101121425e-28,5.0958522251107e-28,1.4169066600856894e-30,7.202274237653368e-28,0.15849682430155265,1.0,-1.2356516634545733e-17,2.409300515170132e-17,-4.3530717225293e-17,3.0000000000000027,1.221829245192653,1.2213808432521684,0.5567899115551815,0.0012968102652961852,-0.002115167514381192,0.00012597710927204453,3.482975386319842,3.4844360798389644,0.9178282740974073,-0.6633933772521547,-0.00047103376059180117,8.954452359103803e-05,-0.0008434517595279703,1.083898002593942,0.0008403889217907442,-0.0011236619422461901,0.001135031630371927,0.0018047621733252956,0.16491107322320134,0.0,4.062196020329733e-17,0.0009555615737711434,0.001664626374374164,0.004873242017391709,2.3704187973206993e-17,0.0008769809469155868,0.000669928964285338,0.003359991796599592,0.0011339053059635732,0.0009411729813943891,0.0020318978448703997,0.0017785092171329446,0.0028240665971797927,0.006803396401563325,6.180853898538063e-17,0.0008056558527303384,0.0007298601827887825,0.0023954364414795148,0.0009617491843745515,0.0004918214329364156,0.0018121428029853903,0.00024678503257643825,0.0017482618162409204,0.0035082762703761003,0.0008724517501508108,0.0004729835066354901,0.0015833629563630509,0.0006934668956930537,0.0019451312683856608,0.003935534277246516,0.00047493949795496693,0.0011090009861278642,0.0015158236846878111,0.0013149268058622258
17,0.425,1.0,0.0,0.0,0.0,3.0000000000000044,1.2105493100749602,1.2105493100749565,0.5789013798500875,-8.59027234895895e-16,-9.889727996199957e-17,1.4985723970244952e-16,3.4801705203387745,3.4801705203387714,0.9915043419812294,-0.6316479302248712,2.1398524829694262e-17,6.492343670457402e-17,-1.4104707258983048e-15,1.0314767507573643,-4.4228071601608473e-16,-6.602086003212467e-16,1.8118223563419662e-16,8.150549860023223e-16,0.16910561397824403,1.0,0.0,0.0,0.0,2.999999999999992,1.2105492275609364,1.2105492275609364,0.5789015448781192,-3.276391488692749e-17,-3.2715648997084226e-17,-1.554774966065491e-18,3.4940540845484667,3.4940540845484667,0.991983746593873,-0.6316476826827988,-4.155243127778359e-32,-1.6844271778059534e-32,3.314112584653577e-17,1.0314763465228605,4.917425889860403e-28,4.92207797364107e-28,1.9598263114084512e-30,6.957608285380045e-28,0.1639778311658892,1.0,-6.539094352803199e-18,2.5946313240293728e-17,-3.903297227537267e-17,3.000000000000002,1.2112291877850159,1.2105409652504995,0.5782298469644868,0.0012875114359959827,-0.0028171814279625024,0.00010240387550534997,3.489494919764179,3.488763344329384,0.9907625731142136,-0.6306427653349695,-0.00027861908995891024,-0.00021137019414016654,-0.0006195204340006731,1.0306581243861213,0.001001273425731394,-0.00149307490416203,0.0014111029765976962,0.0022853955353673936,0.16960440717254133,0.0,4.5451351762963214e-17,0.0009327035774181709,0.0018207422383873543,0.004918229091887862,2.6427357469515607e-17,0.0008766386485134476,0.0006916224029637384,0.0031056690798418707,0.0010231149423709565,0.0009800346709026569,0.0018276739528579721,0.0018985354862968297,0.0027666307710625276,0.006456430264320653,5.958675065232102e-17,0.0009143488772429779,0.0007416872518343861,0.0025506996034290845,0.0009849035542106252,0.000510857719976149,0.0018010522811375384,0.000247632710472923,0.0015309488393234175,0.003916010044823359,0.0009108055507505758,0.0005532382576094311,0.001826071756401104,0.0007854732069006021,0.001925730770059514,0.003820579722976267,0.0005105717993994847,0.0013286528583197651,0.001919651531973067,0.0012059116872881216
18,0.45,1.0,0.0,0.0,0.0,3.0000000000000044,1.2002807038314933,1.2002807038314889,0.5994385923370223,4.920688052783746e-16,-9.420639802847396e-17,2.309234201893124e-16,3.4824024759613015,3.4824024759612984,1.063044684500127,-0.6008421114944695,-9.283086248797568e-17,1.1124397706023695e-16,-1.8954808449494806e-15,0.9811710594252596,3.092529177694035e-16,-9.679372120339798e-16,3.566485421989882e-16,1.0769113223667335e-15,0.17315169367460256,1.0,0.0,0.0,0.0,2.999999999999992,1.2002806205618586,1.2002806205618586,0.5994387588762748,-3.095522366119076e-17,-3.08781641143779e-17,-1.1969374883578216e-18,3.4949572644561955,3.4949572644561955,1.06353525256109,-0.6008418616855654,-3.892487500675403e-32,-1.4088659732734904e-32,3.1423906703851296e-17,0.9811706514890352,4.816707457488728e-28,4.824559473871995e-28,1.7093591221408912e-30,6.817428917034368e-28,0.16883913876367337,1.0,-1.4887451080941583e-17,3.054739620977909e-17,-4.439469083149239e-17,3.0000000000000018,1.2005750991355697,1.2006807783804423,0.5987441224839899,0.0015851442425389827,-0.003181746632347251,0.00017636688412364578,3.4935253852932995,3.494055728605665,1.0600317127804615,-0.5998938117953272,-0.00018183240656906324,-0.0009766193066865281,-0.0009447986278072268,0.9804369276006543,0.0013370330224150282,-0.0018416536725991285,0.001407868890293579,0.002676086763369715,0.1736959968841737,0.0,4.9264786195778816e-17,0.001050052575656166,0.0019072707202583193,0.006316014168498329,2.526943124895664e-17,0.0007469998823975869,0.0007058249767225616,0.002798077577562281,0.000898577180859407,0.0009802542195938707,0.001641699527232045,0.002047011592678825,0.002530480869119944,0.0054723997597975575,6.31176890077701e-17,0.0009619434430706333,0.0007598217318130593,0.002955022506104063,0.0009414035999325639,0.00040014900474598245,0.001649738795456202,0.0002362775443510337,0.0016724751846362478,0.003628400417158456,0.0008921531471655432,0.0005604996634874052,0.0017294644612557176,0.0007047304198488457,0.001929839137971803,0.004163249853002203,0.00042956925256633875,0.0011885213076529753,0.0023393677769105703,0.0011671732876590848
19,0.47500000000000003,1.0,0.0,0.0,0.0,3.0000000000000058,1.1905129028290238,1.1905129028290198,0.6189741943419623,1.0579497887068396e-15,-6.186481966908514e-16,7.253485126713606e-17,3.4823214423730766,3.4823214423730695,1.1334919565562411,-0.5715387084870606,3.870195447074108e-17,5.995336345823895e-17,-1.7804978110734555e-15,0.9333188026950661,5.070388113789145e-16,-1.1603780107833948e-15,3.591670873947509e-16,1.3162699118424758e-15,0.1768139006843938,1.0,0.0,0.0,0.0,2.999999999999992,1.190512819435702,1.190512819435702,0.6189743611285883,-2.7665950124493357e-17,-2.7599737885399104e-17,-5.0881147483140395e-20,3.4936354110583085,3.4936354110583085,1.1339875489487654,-0.5715384583070952,-3.624425715874842e-32,-1.1416453759846717e-32,2.821639441336448e-17,0.9333183941529014,4.671704191975813e-28,4.679900949819125e-28,3.0471160800433414e-30,6.612656156876967e-28,0.17317687836450854,1.0,-2.0328790734103208e-17,2.308673001036321e-17,-5.405594862787494e-17,3.000000000000002,1.190561447483167,1.190480801076447,0.6189577514403884,0.0017689212441312067,-0.002052149467984777,0.00021465388687913706,3.4904182581842873,3.4902137065416885,1.1319313103689363,-0.570163145629394,-2.9890182188487902e-05,-0.0004515679651168586,-0.0010765130180492946,0.9316449060211088,0.0010969051268441673,-0.001222344715498291,0.0014266532359813366,0.0021754693554586414,0.177165676849359,0.0,4.866550278825553e-17,0.0011465503635788596,0.0023167960012932145,0.007433951230495568,2.2189276357336585e-17,0.0007193914038490205,0.0008270092894416281,0.002886374885280066,0.0009169377472531118,0.000940206010908697,0.001514095285093403,0.0020758227138996553,0.0024887416729958605,0.005263511159153476,7.189509851574069e-17,0.000815996074025873,0.0007789836944143056,0.002400082530143569,0.0009840201821035835,0.00047688601394422423,0.0013318178604108588,0.0002332066388471864,0.001397967404040737,0.00374875453984191,0.0008980936946000619,0.0005555746668158666,0.0015812987713891761,0.0007511662560336328,0.001647203648834511,0.0038225144579477717,0.000491038517928949,0.0011459515808435678,0.0023073814569347195,0.0013589826466243946
20,0.5,1.0,0.0,0.0,0.0,3.000000000000006,1.181221482555485,1.1812214825554814,0.6375570348890397,1.3048726746901395e-15,-2.3686721393152947e-16,4.893479775346891e-16,3.480259341342734,3.480259341342724,1.202689766296852,-0.5436644476664443,8.234615094334213e-18,3.63480045364281e-18,-1.31555596831023e-15,0.8878003253832245,6.911420498314082e-16,-6.915813119634425e-16,7.912223068638671e-16,1.2577737407742366e-15,0.18014410966281888,1.0,0.0,0.0,0.0,2.999999999999992,1.1812213995918304,1.1812213995918304,0.6375572008163315,-2.522655809081581e-17,-2.520644894305021e-17,-7.270518312767942e-19,3.4904251548797762,3.4904251548797762,1.2031844237842713,-0.5436641987754807,-3.499995178924034e-32,-9.870792670877953e-33,2.5903418717627278e-17,0.8877999189459906,4.51191026597249e-28,4.518409798052311e-28,2.8317429454811626e-30,6.385464997017367e-28,0.17706905102165044,1.0,-1.0049198886225019e-17,2.705762046709137e-17,-6.31869637992763e-17,3.0000000000000018,1.1810934926200942,1.1809473153112198,0.6379591920686878,0.002063158636128933,-0.002239255903292597,0.00021165250294854224,3.487146994248163,3.4880827385170887,1.2028891263446808,-0.5415562667019296,0.00022091319526447363,-0.0004543247594732646,-0.0010736102219499593,0.8849730058203787,0.0013329522227883838,-0.0014253293143005924,0.0012054827209720506,0.0022937990044908617,0.18063670805204637,0.0,4.8674873325051707e-17,0.0010733889963157547,0.002468408573119633,0.006609956149653824,1.937524939760147e-17,0.0006928886960738658,0.0008794093748174004,0.0030138810817637316,0.0008566408983904911,0.0009364428833586458,0.001773975346839238,0.002077052030458889,0.002499754422396817,0.005924405289218448,7.022659241713554e-17,0.0008904643221972171,0.0007619747682269868,0.002907643193748641,0.0008890492436652553,0.00041417154361483415,0.001617206594811736,0.00022558275951140008,0.0015036337398018924,0.0029648253688666234,0.0009872220245748843,0.0005404348067031282,0.0017368635028712563,0.00080600793778137,0.001668578335914626,0.004072495592293546,0.00043089961753738055,0.0011233658786978758,0.002067535093094133,0.0012541888926564156
21,0.525,1.0,0.0,0.0,0.0,3.0000000000000044,1.1723832096997444,1.1723832096997404,0.6552335806005198,1.4269536195204968e-15,-1.5020905473180769e-15,2.337501278324776e-16,3.4765045633519627,3.47650456335195,1.2705055674211483,-0.5171496290992235,1.9547500361216607e-16,7.765607690572561e-17,-1.8804220245237658e-15,0.8445018079751149,1.0671553000735769e-15,-1.621710874623544e-15,5.776064310556843e-16,2.0254371835592116e-15,0.18318467741174443,1.0,0.0,0.0,0.0,2.999999999999992,1.1723831276409498,1.1723831276409498,0.6552337447180923,-2.3665608924451443e-17,-2.3726125512579316e-17,-1.3036411981081065e-18,3.4856163683350774,3.4856163683350774,1.2709960423410362,-0.5171493829228395,-3.3681552965673157e-32,-8.238626459882057e-33,2.43003417415688e-17,0.8445014059707711,4.339213090824259e-28,4.345440585299435e-28,1.2861360168617961e-30,6.1409925535318395e-28,0.1805789505027826,1.0,-9.825582188149884e-18,2.4614777447209968e-17,-6.95655454085748e-17,3.0000000000000018,1.1716269312476595,1.1725238437516796,0.6558492250006626,0.0019076488463010582,-0.0019606376806438506,0.0001374476111423217,3.479663086673763,3.4882210571206835,1.2739821108703904,-0.5146941176648036,0.0003109801821520859,-0.0007233266199168662,-0.0008223665904249088,0.841119103018493,0.0010343764065601137,-0.0011580784199520702,0.0012058504748018667,0.0019659998842285788,0.18371393357728014,0.0,4.5210057189650547e-17,0.001105360926947789,0.00270277946260552,0.006546698714582061,1.9341316963589595e-17,0.000704830864255546,0.0009663557275245653,0.0030459043250657693,0.0009742974054151115,0.000987818135073877,0.002012658836423123,0.0020482530505546923,0.002684097665161676,0.0073864924566992745,7.377674366467133e-17,0.0009236521822508477,0.0007589698864129313,0.0032092733807772954,0.0009694687761678535,0.00047953044636148525,0.0015171982437695642,0.00023729042836736258,0.001681552573835935,0.0032896369060687767,0.0010480033017149944,0.0005923267130165074,0.0018268167172367418,0.0009418043885943768,0.001616410837841066,0.004183081824397907,0.000497951661316928,0.0009748141645555766,0.0024779193207965823,0.0010561502677003032
22,0.55,1.0,0.0,0.0,0.0,3.0000000000000044,1.1639759840540373,1.1639759840540334,0.672048031891934,7.851249589408907e-16,-1.3037017065400446e-15,1.6576539604502018e-16,3.4713062071678173,3.4713062071678045,1.3368203716467337,-0.49192795216210156,1.930441833841208e-16,1.6162869276352405e-16,-2.571046852102652e-15,0.8033149820062677,9.840208699284736e-16,-2.008888889776771e-15,5.230450745742291e-16,2.29728269787584e-15,0.185970625231854,1.0,0.0,0.0,0.0,2.999999999999992,1.163975903299533,1.163975903299533,0.6720481934009259,-2.1922338435577002e-17,-2.188335013145687e-17,-5.939441163755763e-19,3.479459240534545,3.479459240534545,1.337315763241651,-0.49192770989858975,-3.210675835151401e-32,-6.784876108195767e-33,2.2308445847149756e-17,0.8033145863916167,4.209902543239454e-28,4.216443001330593e-28,-1.37607694526468e-31,5.958328028955063e-28,0.18375818571045774,1.0,-1.19363882927076e-17,3.3081718787963954e-17,-5.987167684372297e-17,3.000000000000001,1.1638311548127875,1.1643540135194697,0.6718148316677441,0.0016795124048866157,-0.0023100729337819396,0.00011311224755587737,3.478622590182065,3.4826752512179495,1.3354364355979433,-0.4899307327920085,0.0006377077657717838,-0.0009399321903847677,-0.0003274949163281709,0.8010151184067524,0.0009091816243294917,-0.0012404240374143316,0.0010842395960921633,0.001881711593296853,0.1864172077695615,0.0,3.982078064238214e-17,0.001085863691652667,0.0027624096532414062,0.0063320798274009785,2.214436185842371e-17,0.0007377720982751227,0.0011093002603442283,0.0032480905520560154,0.001005630231637536,0.0010376686117133827,0.0018903188319556404,0.002116305404380363,0.0031374620485308054,0.008152138950418386,7.767011313474281e-17,0.0009828862330805027,0.000652408325947773,0.0036174934329493134,0.000984401969515675,0.0005528784514799277,0.0015622659815657327,0.0002467870948168807,0.002119644173400959,0.0042193573945082715,0.001014287048810017,0.000582750755529625,0.0019129957255166407,0.001069525443290356,0.0016831662720927791,0.004124531692136632,0.0005789949187133422,0.000775042242896259,0.0021329613674449283,0.0013197366454459722
23,0.5750000000000001,1.0,0.0,0.0,0.0,3.0000000000000036,1.1559787832475323,1.1559787832475283,0.6880424335049429,1.0554998294572372e-15,-2.6170745140898905e-15,-3.8764229574578467e-16,3.464885259496685,3.46488525949667,1.401551564023088,-0.46793634974258846,1.156522968472448e-16,1.6677475348023408e-16,-1.9962600793486894e-15,0.7641368593132478,9.242326905022458e-16,-2.3790064689105585e-15,1.8258663867525759e-16,2.5587527676456027e-15,0.18853088005605348,1.0,0.0,0.0,0.0,2.999999999999992,1.1559787041275986,1.1559787041275986,0.6880425917447945,-2.0851915146687757e-17,-2.0844080447844615e-17,-1.5445912664292138e-18,3.4721702037368787,3.4721702037368787,1.4020573476790497,-0.46793611238278754,-3.0809117783562965e-32,-5.904104648035335e-33,2.116582116841268e-17,0.7641364717063232,4.060706528237608e-28,4.067508190577455e-28,-1.3416027992601485e-30,5.747533416927065e-28,0.18664914261159551,1.0,1.5619287547369298e-18,4.4194791055940374e-17,-4.6792641105169314e-17,3.0000000000000018,1.1557110968741668,1.1565393587243489,0.6877495444014856,0.0011912441570952345,-0.002783290860879546,0.00020017253861915495,3.474536280124139,3.4754715159088305,1.4006277577027029,-0.4662817776740535,0.0014331274698170212,-0.0006112491662236144,-5.567769587256793e-05,0.7622946352182949,0.0005149046142573392,-0.0011622884608543825,0.0010777583942040495,0.0016666146478103569,0.18896472423299723,0.0,3.9010028593656106e-17,0.0012103801122950446,0.002450305013538502,0.007510439423112282,2.339035343224542e-17,0.0006824952765512125,0.0010318486992990214,0.002913145676591009,0.0011407895385043378,0.0011300841402540735,0.0018709474219006379,0.0025480165677932067,0.0028937663458351542,0.008859829948256718,7.26589069589626e-17,0.0009683764544913265,0.0007190024735133483,0.0037710891600719974,0.0010778273043495791,0.0006135856028023709,0.0017773703948337975,0.00025465249612281813,0.0023222338526909074,0.004603387988042537,0.001212138513522006,0.00052062749090674,0.0020518825836304388,0.0008384088951480652,0.0017786995970489937,0.004656329315139872,0.0006227731022838442,0.0009311211499146367,0.0027142811450768414,0.0014805065282499587
24,0.6,1.0,0.0,0.0,0.0,3.000000000000004,1.148371610178993,1.1483716101789883,0.703256779642023,7.157050390321311e-16,-2.3349010577719112e-15,-1.7424675231178133e-16,3.457438390318221,3.4574383903182078,1.4646481472231487,-0.4451148305369676,2.222805914978836e-16,2.7233891270437424e-16,-1.7562549657281878e-15,0.7268694745073164,3.932338093560744e-16,-2.0497655464866054e-15,2.2531179558806457e-16,2.099270594662665e-15,0.19088952539337387,1.0,0.0,0.0,0.0,2.999999999999992,1.1483715329616622,1.1483715329616622,0.7032569340766676,-1.898767149682226e-17,-1.8932542566637775e-17,-6.7900783052918685e-19,3.463936898242794,3.463936898242794,1.4651525077313825,-0.44511459888497873,-2.978237884782629e-32,-5.375825072780475e-33,1.9200729260766862e-17,0.7268690962212092,3.9316593515726985e-28,3.93858066231034e-28,1.389510306626781e-30,5.565119582203354e-28,0.18928692109309866,1.0,-1.5788694136820158e-18,5.998348519276053e-17,-6.739078831649939e-17,3.0000000000000018,1.1485691427512077,1.1480767264179443,0.7033541308308499,0.0011187122382822169,-0.0027189969555540647,0.0002868728465941504,3.4710541191385533,3.464623286432363,1.467227217697918,-0.4434819948862966,0.0016670425850612545,-0.0012725755591224059,-0.0003719122179152978,0.7248169667683908,0.0006312017968841275,-0.0012128863373790967,0.0011793596515898815,0.0018056572663683545,0.19140296746089433,0.0,4.402565536322829e-17,0.0013320472267147091,0.0023152405078806877,0.008587702874977385,2.9724428805660056e-17,0.0006197238958574074,0.0009479708622491391,0.002198539013099188,0.0011713283785208404,0.0010048860904300363,0.0018331492897532915,0.002272593121691948,0.0033287899735448224,0.009249608327027902,8.297448389665198e-17,0.0009612993287854662,0.0008184850586967834,0.0031877263840037924,0.001073934313017166,0.000602874156614601,0.0016006421324072414,0.00025145198330230067,0.0028775353925479434,0.004550436063490735,0.0011827748178512316,0.0005702999111848598,0.00172103626532656,0.000793294971097334,0.0014957695138394962,0.004633417219573313,0.0006213121486876143,0.0009306900552235317,0.0026036029910786657,0.001613710387535909
25,0.625,1.0,0.0,0.0,0.0,3.0000000000000036,1.141135443016255,1.14113544301625,0.7177291139674987,-1.0458373124653467e-15,-1.2265176271696677e-15,-5.057188442367608e-16,3.4491327710262087,3.4491327710261976,1.5260515466705198,-0.42340632904875414,1.093339289525534e-16,1.801946057446205e-16,-1.06767879540508e-15,0.6914196400229349,-7.921091770986674e-16,-1.049791726571147e-15,-3.1235718770549385e-16,1.3516902863942032e-15,0.19306725584113374,1.0,0.0,0.0,0.0,2.999999999999992,1.1411353679114098,1.1411353679114098,0.7177292641771722,-1.818290340710199e-17,-1.8145132411328307e-17,-3.9039018533085316e-19,3.454922334765423,3.454922334765423,1.5265487474521653,-0.42340610373422294,-2.8787072375549594e-32,-4.833848834079065e-33,1.8240480074354413e-17,0.6914192720858522,3.788367455371304e-28,3.7937819666687056e-28,1.5607977010557208e-30,5.361413358106562e-28,0.19170083753658232,1.0,2.23955511254037e-17,4.968695268593726e-17,-5.632430286062196e-17,3.0000000000000018,1.14200849780077,1.1407499411513393,0.717241561047892,0.000861005599370863,-0.0018332574046012091,0.0002537751597754392,3.466165062826188,3.4523877777042657,1.5227337077807366,-0.42207562570035895,0.0019203899545269481,-0.0011469013258825155,-8.298879251284543e-05,0.6900977962300172,0.000358605416669621,-0.0007747676755369274,0.0008160476673937872,0.001181015068227551,0.19348509288589835,0.0,5.182896154433069e-17,0.001447657488026497,0.0022501095542531075,0.009039640217165525,3.034205486216902e-17,0.0006807392917119189,0.0008622139046387525,0.0026541123825757225,0.0012958669798888763,0.0009428061220795331,0.002313048792288196,0.0017653845392010205,0.003298729003008088,0.00975347267233594,8.246321509740555e-17,0.0010271695346224649,0.0007444130751005724,0.0035332374386262814,0.0010790446243744952,0.0005325606770350334,0.0013880766193830336,0.0002368947342925492,0.0030058303125366313,0.004626258941107221,0.0012256881355825699,0.0005526081466613214,0.0018886031712210562,0.0008955567505968471,0.0014598616954433637,0.004509509834819694,0.0005579374777751627,0.0008995558358949663,0.0027721199037617906,0.0015488854846109324
26,0.65,1.0,0.0,0.0,0.0,3.0000000000000036,1.1342521876281895,1.1342521876281846,0.7314956247436295,-9.935574138439162e-16,-1.4821652027810081e-16,-4.033022097801027e-16,3.44011821322094,3.4401182132209303,1.5857312479676118,-0.4027565628845579,4.321259106436074e-17,1.101128634010924e-16,-4.1101441979105494e-16,0.6576987130828883,-9.411950667939572e-16,-5.947116586429232e-17,-2.4422471006177214e-16,9.741820581037695e-16,0.19508159073849335,1.0,0.0,0.0,0.0,2.999999999999992,1.1342521147950662,1.1342521147950662,0.7314957704098596,-1.7031276113653908e-17,-1.702970851992894e-17,-4.266717663261496e-19,3.4452683884296227,3.4452683884296227,1.58620745715059,-0.40275634438519303,-2.7372793920446587e-32,-3.8584535498526824e-33,1.7094770438860382e-17,0.6576983562749252,3.6793319547201035e-28,3.684888382980282e-28,1.1328801415371818e-30,5.207303944440828e-28,0.19391558643066456,1.0,5.2160288891919815e-17,3.9918968738200666e-17,-3.306901329375514e-17,3.000000000000001,1.135662633550933,1.1336761688770234,0.7306611975720445,0.0006480567377201228,-0.002260120176428,0.0002776377643219385,3.459464697928463,3.4437269902969065,1.5813703035534414,-0.40180365968395876,0.0019384904012473086,-0.001132767856897415,-0.00016375532623140552,0.657053652640247,0.00043748600793419546,-0.0010526892166120262,0.0005501683383347055,0.001265793740865948,0.19530668297164389,0.0,6.559193758687525e-17,0.0014332255801863675,0.0019653443025167056,0.008118990934322097,2.430795258175892e-17,0.0007970240525992165,0.0008283779057814601,0.0033301705742693664,0.0012192660314383104,0.0009681842594878701,0.0025985589034322825,0.0019310732562806963,0.0030623361144628235,0.009084332387824476,8.228811281103004e-17,0.0009903651496560597,0.0007607800288504248,0.0037181703172881487,0.0009329607768593753,0.0005423924518375395,0.0016067136542896245,0.0002571533908815471,0.0032467099935331568,0.0036483767222887146,0.0011736174048994187,0.0006210314404414128,0.001790883921405512,0.0009801213008060296,0.0015127232207727416,0.0043580581332844735,0.0005749572397957552,0.0012112910170411673,0.002796946409279713,0.0017677527419067824
27,0.675,1.0,0.0,0.0,0.0,3.0000000000000053,1.1277046323415785,1.1277046323415731,0.7445907353168539,-2.042511024073246e-15,-1.416598335551198e-16,-5.749090676099923e-16,3.430522255847069,3.4305222558470607,1.6436518952485644,-0.3831138970247222,-4.8785393895276874e-17,1.6124950258494656e-16,-6.458499106542771e-16,0.625622374053165,-1.4810692744286842e-15,-3.0068834907962924e-16,-4.089426253121422e-16,1.5656352543699727e-15,0.19694781463020464,1.0,0.0,0.0,0.0,2.999999999999992,1.127704561894514,1.127704561894514,0.744590876210964,-1.5985242120350938e-17,-1.6003327663855704e-17,4.060138365139355e-19,3.435098736828983,3.435098736828983,1.6441022271053352,-0.38311368568353704,-2.603968960779749e-32,-2.731128820938642e-33,1.611373251542465e-17,0.6256220289344603,3.5554695620214164e-28,3.56000446500203e-28,1.3464657723697263e-30,5.031418974236072e-28,0.19595214029850092,1.0,6.114900252818245e-17,2.4082840756334267e-17,-5.0672899036541263e-17,3.0000000000000018,1.1293552205910116,1.1268013823217,0.7438433970872901,0.0012885277394197297,-0.0017731124300247015,0.0002548490132182994,3.4499551673430644,3.432886024800648,1.6385823372272696,-0.38197804656504586,0.0021619735233866875,-0.00037566030874536114,-0.00047587801177504535,0.6247012529876071,0.0008079544857279575,-0.0010382483821063904,0.0005870465885125513,0.0014406157888343064,0.19723328628701345,0.0,6.699705491017647e-17,0.0015919114595980297,0.0021330436454653316,0.00934019880105405,2.7755337166006734e-17,0.0008133168630238348,0.0008196714669296508,0.0029919929640530763,0.001176759552389088,0.0009299252576739057,0.0024095811307287794,0.001766712567715795,0.003136919005909646,0.009468828222590861,8.4513544956369e-17,0.0009588963548803098,0.0008499430911718701,0.003642825241135486,0.0010780359746983762,0.0004965311451360204,0.0015667860115277136,0.0002544944155280048,0.0031868783417457565,0.0039528196412308945,0.0012808150908311308,0.0006599936851657282,0.0016733818918551753,0.0008694252656870415,0.0013994905195304076,0.004434696992679295,0.0005301077654738424,0.001411438262990884,0.0031367814025440384,0.001739702773208906
28,0.7000000000000001,1.0,0.0,0.0,0.0,3.0000000000000058,1.1214764049020431,1.121476404902038,0.7570471901959243,-1.1383280310893625e-15,6.378373830640257e-16,-4.011436625068342e-16,3.4204589673923023,3.4204589673922934,1.6997984869146652,-0.36442921470611656,-1.6808670502568518e-16,1.9784234157560623e-16,-6.243793750859231e-16,0.5951104155954406,-8.313199580537476e-16,1.9866543991752328e-16,-3.354032140496372e-16,9.181808894062947e-16,0.19867909912520226,1.0,0.0,0.0,0.0,2.999999999999992,1.1214763369170342,1.1214763369170342,0.7570473261659236,-1.4803296205387114e-17,-1.4878525163020493e-17,6.8366409852825465e-19,3.4245213359318645,3.4245213359318645,1.700217351962812,-0.36442901075109724,-2.487742693469105e-32,-1.700503844866353e-33,1.5059341303565658e-17,0.5951100825382942,3.454068206928524e-28,3.457672464448823e-28,7.198644649633391e-31,4.887344664539919e-28,0.19782845048082529,1.0,5.2837915249723255e-17,1.987816920616392e-17,-2.7367634525786444e-17,3.000000000000001,1.1231783309232222,1.1204202407144204,0.7564014283623585,0.0010730936824282296,-0.0013099358330443559,0.00034665294487536927,3.4405847023470453,3.4194013211952323,1.6947808605929144,-0.36340791166012293,0.002580733777301388,-0.0001948576658027601,-0.0005724323870359361,0.5942711641276824,0.0005928121380119973,-0.0007417785485111156,0.0005393510873861586,0.001092044523575044,0.19893269028350022,0.0,6.89391920999558e-17,0.0015163838108416955,0.0022516569307986776,0.010168495788056361,5.0549561021605424e-17,0.0009526543446065325,0.0008234706309819684,0.0034881744705260185,0.0010516197467356297,0.0008578707105552354,0.002566524054717964,0.0016711073015544242,0.0029544827764803874,0.008536662882086734,8.843236571724448e-17,0.00106261319530283,0.0009533926827859952,0.004328017550339689,0.0010544611769317468,0.000363433691984603,0.0015475721548932168,0.00026624461994735404,0.0029572786786913785,0.004441691648949771,0.001203690638720096,0.0006874885012954927,0.001628188388159474,0.0007870511719493324,0.0014452017513975756,0.0041880739429928865,0.00041519764749016545,0.0012189460749798572,0.0034153085860438885,0.0018916205536054246
29,0.725,1.0,0.0,0.0,0.0,3.000000000000007,1.1155519315355558,1.11555193153555,0.7688961369289015,-1.2114917978172163e-15,1.4897508972497945e-15,-3.5631733362265875e-17,3.4100271750148425,3.410027175014833,1.7541598965999898,-0.3466557946066511,-2.1770494847932848e-16,1.3417943514836893e-16,-2.8935553195964e-16,0.5660865421102295,-8.583698341311174e-16,8.160737972675424e-16,1.7202060700760298e-16,1.1968150667368004e-15,0.20028701142136462,1.0,0.0,0.0,0.0,2.999999999999992,1.115551866056045,1.115551866056045,0.768896267887902,-1.3614632908406455e-17,-1.374371967818696e-17,1.0250877183817029e-18,3.4136305118263386,3.4136305118263386,1.7545465013473205,-0.3466555981681298,-2.3761918904525674e-32,-9.446959645919732e-34,1.3896293042023974e-17,0.5660862213274728,3.332312360291821e-28,3.336334424239431e-28,1.1257060524943394e-30,4.715459657162848e-28,0.19955999650900225,1.0,3.6242845747117e-17,2.6075062248276382e-17,-2.4364055694822695e-17,3.0,1.1164859232372366,1.1147753285967048,0.768738748166059,0.0015730401785629554,-0.0013680759977160156,0.0002737598169745628,3.4243513494604993,3.4112181522168474,1.7497430084224805,-0.345940083428195,0.0026577138476845613,-0.0003505613556751892,-0.0005307909508970817,0.565320765834449,0.0007737848954254678,-0.0007726974812545427,0.0003634799051555875,0.0011523550248849664,0.20039025016305978,0.0,5.980776390980575e-17,0.0014467962135571919,0.0023143814940294605,0.009288735075587145,5.261342838796215e-17,0.0010015495926583666,0.000814206938617718,0.004070657657719695,0.0009673799234844859,0.0008363692445716487,0.0025346591471708912,0.001770237085422539,0.0032893806854992955,0.007426291689077696,8.160036149733112e-17,0.0010479877843520466,0.0009795453929147227,0.0043861819355362555,0.0011525833933630826,0.0003686410384890634,0.0013491677194399031,0.00026194749768846445,0.0028812733319769283,0.004898039114410782,0.0012433873295630735,0.0006308212987091309,0.0017777555388799728,0.0007738503251678298,0.0015338171508709167,0.004335755339385514,0.0004041968840272128,0.0012844122257312704,0.0034105401699101924,0.0020477545176735557
30,0.75,1.0,0.0,0.0,0.0,3.000000000000006,1.1099163980063724,1.1099163980063678,0.7801672039872659,-1.4917497024660806e-15,5.314452588502205e-16,-4.553623430475676e-16,3.3993143523006872,3.3993143523006806,1.8067364371721744,-0.3297491940191044,-2.0374142388898925e-16,1.394578005015377e-16,-1.869049342978162e-16,0.5384781789605442,-1.036178569136937e-15,3.0464948976519607e-16,-3.155935686727658e-16,1.1252007106914197e-15,0.20178171667924524,1.0,0.0,0.0,0.0,2.999999999999992,1.109916335048475,1.109916335048475,0.7801673299030419,-1.258529860591232e-17,-1.270793736823155e-17,8.649487262610195e-19,3.4025087330069055,3.4025087330069055,1.8070915358448536,-0.32974900514542005,-2.2757180984648566e-32,-5.515394402676349e-34,1.2898033584750569e-17,0.5384778705311145,3.2169775640897055e-28,3.219989718522727e-28,-4.600083672168913e-31,4.551626038683143e-28,0.20116021998624486,1.0,2.5512632371299526e-17,1.3440718807031238e-17,-8.068412339070838e-18,3.0000000000000004,1.111287899025437,1.1086390489347557,0.7800730520398079,0.0017076790092070133,-0.0006489019374734115,0.0002894493751974071,3.4151823718741117,3.397019754520249,1.8048126124251203,-0.3290861078533062,0.002041162048937694,-2.643670911412323e-05,-0.0005106909874824558,0.5377350357833531,0.0009881965048347528,-0.0006863580189014695,0.00021939462312781777,0.0012230100829246538,0.20199505560643707,0.0,5.2627763981518227e-17,0.001493850371029432,0.002465091044337936,0.009403303155561727,5.5449766401235377e-17,0.0010461865196290153,0.0009161351765973198,0.004317341126175182,0.0009800206847559753,0.0008706658519139019,0.002523743613814829,0.0017243005184913326,0.003763110394438719,0.007747508836355778,8.872838326024593e-17,0.0010570423660809097,0.0009774489360474758,0.004136931047193503,0.0010416030143101287,0.00037612417366307424,0.0013863777416918115,0.0002431470543363275,0.003126952228407805,0.004637319735056289,0.001357007401408006,0.0006470475054418259,0.0019794606244521503,0.0008389792495058812,0.001489420278516738,0.004777985737532165,0.00038621332490185666,0.0012241474108788302,0.003949563271193517,0.0019246495698665392
31,0.775,1.0,0.0,0.0,0.0,3.000000000000006,1.1045557125742642,1.1045557125742598,0.7908885748514823,-1.287171761905462e-15,2.961358765039712e-17,-4.692277141359286e-16,3.3883973087331434,3.388397308733135,1.857535678361337,-0.3136671377227799,-2.645374228703058e-16,1.5425453738967663e-16,4.5512929891174014e-17,0.5122162910000718,-8.796386307846951e-16,2.0279609191815685e-16,-2.7583078441755687e-16,9.439136598749144e-16,0.20317223383529495,1.0,0.0,0.0,0.0,2.999999999999992,1.1045556521313882,1.1045556521313882,0.7908886957372154,-1.1341197092930512e-17,-1.1435299482448317e-17,7.144363389148353e-19,3.391228116798336,3.391228116798336,1.8578614505985014,-0.31366695639416003,-2.1873490927469907e-32,-4.037502012105798e-34,1.1734801236571623e-17,0.5122159948916808,3.121398475774628e-28,3.12408370359959e-28,-1.3456472521433617e-30,4.416243710249404e-28,0.2026408698817632,1.0,8.914174736904257e-18,4.272434185950691e-18,1.2544557948836188e-17,3.000000000000001,1.1061227264303661,1.1032410733907028,0.7906362001789324,0.002044840554064416,-0.001040941608689355,0.00027378196569523283,3.404047301320726,3.3891658377316363,1.8542131772959003,-0.31250392393477466,0.001822947998608744,-0.00024700223562268886,-0.0006222907257255337,0.5109580474204098,0.0012183519020210194,-0.0009429136094681865,-1.5912132573113518e-05,0.0015406883617531432,0.20327492918177056,0.0,4.012661174072365e-17,0.0015580104111496756,0.0024255955665060487,0.010675936270110807,5.313825884003291e-17,0.0011335833504642126,0.0009123260482812818,0.004377531311323722,0.0009779093487142325,0.0010247059804134593,0.002633388998428125,0.002019845724853988,0.004295939357924561,0.008401676540088538,8.741012399903289e-17,0.0011189820643428953,0.0009443175998735899,0.004110034844579084,0.0011736008385236603,0.00033658191103503265,0.0011338182086833419,0.00025835990097185734,0.0033623692466116313,0.005836439256306145,0.0013558828437369272,0.0006242434359195135,0.0019299168715832793,0.0008255564789475309,0.001544235905656587,0.004419971881774934,0.0003282748167417346,0.0013875923205295545,0.004153058754508622,0.0020634242294126325
32,0.8,1.0,0.0,0.0,0.0,3.000000000000006,1.0994564707581909,1.0994564707581866,0.8010870584836287,-1.3774673735151531e-15,-7.952231668270092e-16,-7.010670839317584e-16,3.377343824698764,3.37734382469875,1.906573084373751,-0.29836941227456026,-2.2942639426020163e-16,2.843267021884745e-16,-4.626900479941337e-17,0.48723520995118696,-4.447925602686787e-16,-4.0422386518960847e-16,-6.793506085151089e-16,9.070582143109899e-16,0.20446658832029918,1.0,0.0,0.0,0.0,2.999999999999992,1.099456412805237,1.099456412805237,0.8010871743895179,-1.0318440853431601e-17,-1.0416609757817655e-17,3.2811563630990327e-19,3.3798517142648623,3.3798517142648623,1.9068714313489525,-0.2983692384157066,-2.1001647802431253e-32,-3.2418845479922385e-34,1.0745271131344347e-17,0.4872349260408731,3.0242781620215545e-28,3.0267455190215576e-28,-1.5441143329124663e-30,4.278748095775779e-28,0.20401227940855887,1.0,3.8675524371631353e-17,-4.946672411965114e-18,4.7092490768497336e-17,3.0000000000000004,1.1006213761601884,1.0981969140525936,0.8011817097872186,0.002321276258590404,-0.001065247241786717,0.00019128054385064572,3.391960449069555,3.3774707168590856,1.903601781935202,-0.297474283013191,0.0023685279533882256,-0.000710745843216702,-0.00035942843796682694,0.48609683816089544,0.0011562613701233627,-0.0008298816885440402,0.00013911329241804253,0.0014300337342691084,0.20448228992664552,0.0,5.097527395663134e-17,0.0015380231877099274,0.0025281602454771527,0.009931378322783626,4.930745598239971e-17,0.0012309752575797766,0.0010636057878985754,0.0048170656561985215,0.0010878096346286675,0.001089651976925863,0.0026729895290060436,0.0021190514583530177,0.004546793703451137,0.0082430867582356,1.0057129872683848e-16,0.0009687422628708246,0.0010228036077175803,0.0037039190541807822,0.0011538143632543085,0.0004007566257053339,0.0015436663157785884,0.0002761241032949589,0.0028939041841186445,0.006021710130658601,0.001344185663205302,0.0006997724802515604,0.0019308319764134575,0.0008897711819402683,0.0014072007329767695,0.0042191022132877344,0.00036358818562729503,0.0009945093417064795,0.004010756130653843,0.0018597102123641877
33,0.8250000000000001,1.0,0.0,0.0,0.0,3.0000000000000053,1.0946059218186226,1.094605921818619,0.8107881563627637,-8.238937286785367e-16,-2.701815273827727e-16,-7.434324110210037e-16,3.366212071469945,3.3662120714699286,1.9538644574883581,-0.2838177654558578,-1.199070348422437e-16,3.2078313079165435e-16,-4.881697306751735e-16,0.4634724702025101,1.6716890078151963e-16,-2.904793929446732e-16,-7.950908136893563e-16,8.628401480733324e-16,0.20567202420795452,1.0,0.0,0.0,0.0,2.999999999999992,1.0946058663156308,1.0946058663156308,0.8107882673687304,-9.966407296082691e-18,-1.0082828699114736e-17,3.061668516115025e-19,3.3684346102777356,3.3684346102777356,1.954142009938132,-0.2838175989468881,-2.0094820484618948e-32,-2.311324648795921e-34,1.0243284490043436e-17,0.4634721982945065,2.917990662474441e-28,2.9207627978881433e-28,-2.038332030766536e-30,4.128672947517418e-28,0.2052835896672852,1.0,3.882799030213713e-17,-6.627185779317646e-18,4.9749633124034076e-17,3.000000000000001,1.096057068675969,1.0932466404189594,0.8106962909050726,0.0024553710940399846,-0.0006686123264137204,0.00015659712168546695,3.3821223888661875,3.368090880220345,1.950412526397465,-0.2837612141423921,0.0024218037771026124,-0.0004055030344584385,-0.0006841155887071281,0.4634767557329708,0.0012841545583469724,-0.0007767875592749196,0.00016309220307318456,0.0015096525787978037,0.2057349886226047,0.0,4.9355266956306425e-17,0.0015486458301542068,0.0023995191437947943,0.010173562054852935,5.25779815314378e-17,0.0010447606850963855,0.0011083421199224036,0.004036565180622945,0.0010491156905080708,0.0011529884006799733,0.002346837320114161,0.002169897911196609,0.0033762868464765577,0.00821838387516844,1.0426344273919787e-16,0.0009677604452375987,0.0010275415270896923,0.0041010541338975925,0.0011800109460397667,0.0004691543942168393,0.001661904150003775,0.0002749756899214411,0.003078738511179463,0.0074213248551879335,0.0013745972441058564,0.0006889279971047537,0.00195735143257031,0.0009033037255391313,0.0010893285092484818,0.00450817119975941,0.00041789120920072064,0.001214216460058049,0.004320422065942651,0.0020011771770413666
34,0.85,1.0,0.0,0.0,0.0,3.0000000000000044,1.0899919368744433,1.089991936874439,0.8200161262511225,-2.980579259186545e-16,-3.749728174323789e-16,-1.4750496670384227e-15,3.355056737661059,3.3550567376610454,1.999445976810856,-0.2699758106233201,-1.2710968328533121e-16,3.623066757491638e-16,-3.976373986106564e-16,0.44086865261426367,5.917459166733826e-16,-2.7742805543861747e-16,-1.4687329023350014e-15,1.607577647967734e-15,0.2067949110514014,1.0,0.0,0.0,0.0,2.999999999999992,1.0899918837698086,1.0899918837698086,0.8200162324603748,-8.705327779071162e-18,-8.828243762398165e-18,3.197492179791143e-19,3.3570248690574958,3.3570248690574958,1.9996983081292659,-0.269975651309422,-1.9243883622231722e-32,-1.1836715408374432e-34,9.13257759625469e-18,0.4408683924557629,2.8348547667888062e-28,2.8371875494339453e-28,-1.4879734750335784e-30,4.0107675257928443e-28,0.20646293155009424,1.0,4.526882883305883e-17,-2.887196504011008e-17,5.4631931032007863e-17,3.000000000000001,1.0912225955924661,1.0886210825561389,0.8201563218513963,0.002704379377431236,-0.0007130295068054905,0.00018884421434831646,3.3692382750762597,3.3549969332624654,1.9957469698899024,-0.26918076698581556,0.0024679796213993676,-0.000404474149290781,-0.0008811902346004421,0.4398273371059479,0.0014142468670979725,-0.0008615316303953363,0.0003585533356495023,0.0016943705160836168,0.20676396661821111,0.0,5.1584897662398386e-17,0.0014584306789088542,0.002300223837239289,0.00998741349416795,6.624885992276551e-17,0.0011056492724962146,0.0010387354513362252,0.004076528228708721,0.0010348848276897848,0.0010416876247996895,0.0022404619103821863,0.0021365894843428566,0.003682353417604142,0.008234863347568231,1.0442517120181074e-16,0.0009623750194196232,0.0010486764457285035,0.004076808531606021,0.0010602110081980927,0.00044952462922168086,0.0015458800803827312,0.0002881305479647955,0.00318099496717645,0.007539290542841733,0.001163388291161296,0.0007866167737293759,0.0019013551881683192,0.0010412081928898584,0.0014747801064106513,0.0038865256714146227,0.00041114134106549807,0.0013842926667599804,0.004173172781481412,0.0018294565463260102
35,0.875,1.0,0.0,0.0,0.0,3.000000000000006,1.0856029785751224,1.085602978575118,0.8287940428497658,6.40849191136669e-16,-8.774137839659148e-16,-1.3165408836615994e-15,3.343922190749846,3.3439221907498338,2.0433425058854584,-0.25680893572535674,-2.4356110626474992e-17,1.2958287772794673e-16,-8.057114765399202e-16,0.4193672359428829,1.394061895914813e-15,-7.215389030557277e-16,-1.2202514087770005e-15,1.988225454742676e-15,0.2078411844730007,1.0,0.0,0.0,0.0,2.999999999999992,1.0856029278080899,1.0856029278080899,0.8287941443838123,-8.301279970756357e-18,-8.409745857998988e-18,-2.2195997880010516e-20,3.345664350251087,3.345664350251087,2.0435693601367575,-0.2568087834242661,-1.8447283336838852e-32,-1.9772246766420013e-35,8.662004573958983e-18,0.41936698723624904,2.7428201117951303e-28,2.7447443565508162e-28,-2.5300670845516688e-30,3.880376769391168e-28,0.20755757466542776,1.0,5.845882588770279e-17,-7.428478947420214e-18,7.055784450628322e-17,3.000000000000001,1.0863538030008786,1.0848606153151643,0.8287855816839579,0.0032742738351752313,-0.000944063065123898,0.00014082576028417779,3.3550471103034583,3.3469110973588325,2.037745947507585,-0.25591919715102995,0.00243811087081816,-8.560992905987414e-05,-0.0013061927307673662,0.41829876252733006,0.0018003047624002815,-0.0011232633399190855,0.0002912430109032546,0.002141877741545326,0.2078556281802952,0.0,5.214508499401605e-17,0.001623673027242315,0.002241858922503021,0.010199803724012248,7.082668652867468e-17,0.0011139699663759574,0.001074005894213483,0.004329478349806999,0.0011835582806961717,0.001082802054458049,0.002232545294522846,0.001956810392221049,0.003727861148578117,0.00866447340347927,1.0792624536241817e-16,0.0008873634037185147,0.0009907172534674212,0.003876620490943787,0.001217848899053427,0.0004670857053629084,0.00201224245970374,0.0002924124172818428,0.00330339552711636,0.007983306845672404,0.0012099733112694536,0.0007496518440333326,0.001945786703767451,0.0009472505781090882,0.0013813499811581448,0.0034271302739491503,0.00041527132992002624,0.0014518526370619724,0.004230417928784427,0.002344796283811092
36,0.9,1.0,0.0,0.0,0.0,3.000000000000006,1.0814280722514575,1.0814280722514527,0.8371438554970962,2.9952086468747897e-16,-9.803883320048782e-16,-1.2145372861250262e-15,3.332847554700778,3.3328475547007663,2.085584693135407,-0.2442842167543618,-2.3053343552125522e-17,1.0576754424738441e-16,-9.198642703407735e-16,0.39891445550908666,1.16939414119495e-15,-9.86622764398098e-16,-9.593809662013299e-16,1.8059122279333006e-15,0.20881621803177094,1.0,0.0,0.0,0.0,2.999999999999992,1.0814280237544653,1.0814280237544653,0.8371439524910615,-7.612371114998901e-18,-7.724886887734175e-18,1.1648452305108074e-19,3.334389416262784,3.334389416262784,2.085787505550947,-0.2442840712633925,-1.7652654384292123e-32,5.492973074533575e-35,7.994056622122571e-18,0.3989142179233345,2.6573644334914813e-28,2.6587275104096213e-28,-2.874089330133377e-30,3.7591546584228483e-28,0.20857405001087145,1.0,5.604647605392254e-17,-3.0405094674640365e-17,6.159708295727997e-17,3.000000000000001,1.0818029972070078,1.0812458502461793,0.8369511525468137,0.0027926460838435664,-0.0010568110271547643,0.00016855617224953033,3.3426045448685584,3.3398144301035337,2.0798748818166644,-0.2437080461482579,0.002462555013767128,0.0006639740973932884,-0.00107659065194958,0.39834379470814546,0.0017069966716157909,-0.0011485418727830512,0.00034025477349214795,0.002085367924690408,0.2090072411325529,0.0,5.589541224649454e-17,0.0018138723392930466,0.0020417521033843206,0.0119071363377017,7.215118634674848e-17,0.0010270685585166302,0.0010467541359182838,0.004194233441326662,0.0013927541076213794,0.0010955025427053415,0.0021928320267625588,0.001963968886651433,0.0038792825346248387,0.009355714747619443,1.0963756041354389e-16,0.0007673353302073814,0.0009482231631655984,0.003558238279200703,0.001310317631286986,0.0005467365474709164,0.002551446420610411,0.0002922324079690719,0.0030689422691549573,0.008893152876896132,0.0011390743416176369,0.0006923543220924362,0.0019185409543193792,0.0008637899972996668,0.0013559229587711862,0.003308813882447934,0.0004540217435952608,0.0018233513925788587,0.004204009118736417,0.002148557429900769
37,0.925,1.0,0.0,0.0,0.0,3.000000000000006,1.077456778473581,1.0774567784735762,0.8450864430528489,5.137366506633079e-16,-1.7562686708845599e-15,-1.0684639552145351e-15,3.3218670767892466,3.3218670767892338,2.126207288315257,-0.23237033542073265,9.866788434502948e-17,1.1626543953784633e-16,-1.1998169075119564e-15,0.379459168760113,1.4233029797754278e-15,-1.5693393124629946e-15,-8.878701855507743e-16,2.2971570943819675e-15,0.20972490858380394,1.0,0.0,0.0,0.0,2.999999999999992,1.0774567321741904,1.0774567321741904,0.8450865356516115,-7.05536765734166e-18,-7.166375557106773e-18,-1.5926917610151922e-19,3.3232315479758037,3.3232315479758037,2.1263878454265575,-0.23237019652256777,-1.690654187988328e-32,1.273318090795685e-34,7.401954806447715e-18,0.3794589419403653,2.5774986464807946e-28,2.578667565586416e-28,-3.0318831778894536e-30,3.6460862466455917e-28,0.20951825159905033,1.0,7.670730370334944e-17,-1.9027748127120603e-17,6.205024558406103e-17,3.0000000000000018,1.0782279975150995,1.0771360564121126,0.8446359460727897,0.0024069683284229943,-0.0015002936201689502,0.0001813970572143143,3.3332242324988335,3.3243112129542403,2.1218630558214815,-0.2327276246369399,0.002163588393037191,0.0006685338671814929,-0.0015843428054892735,0.38018696806909236,0.0018781579645824038,-0.0015994657163178746,0.0003695450980628985,0.002494460161458364,0.2098370376969556,0.0,6.402601171216087e-17,0.001884811720187322,0.002281223720997174,0.012667104374792468,7.111695445527916e-17,0.0010338756598826842,0.0009542789653170067,0.0040528025909596236,0.0013974332246918287,0.0010675598057734315,0.001860941137956727,0.001829811243675491,0.0034939975751251398,0.010394968251550733,1.1493905699048056e-16,0.0008241314415367672,0.0008234156192923693,0.0036546376369622985,0.0014205040357493997,0.0005764685506774347,0.0023747189187569634,0.0002876739923734125,0.0031680900320856377,0.008451091756400112,0.0012721503400164845,0.0006131224203467594,0.001965664957737884,0.0008096121821503804,0.0013502349333974848,0.0036837995198477965,0.00047234891811595635,0.0019462295660899252,0.004793806587276788,0.002256642692529382
38,0.9500000000000001,1.0,0.0,0.0,0.0,3.000000000000007,1.0736791669472847,1.073679166947281,0.8526416661054415,5.591183882241891e-16,-2.799427822884176e-15,-1.6311224679932038e-15,3.31101045250828,3.3110104525082678,2.1652476671685417,-0.22103750084184395,1.3826077479143628e-16,6.262840957438622e-17,-1.1600949165710384e-15,0.3609527273883488,1.4575287172789188e-15,-2.1011763922731838e-15,-1.2234065344077628e-15,2.8347937740813697e-15,0.2105717472144081,1.0,0.0,0.0,0.0,2.999999999999992,1.0736791227697606,1.0736791227697606,0.8526417544604705,-6.763785988149125e-18,-6.874632345273018e-18,-6.565578174414137e-20,3.3122178830477087,3.3122178830477087,2.1654077552136797,-0.22103736830927945,-1.6176593859824245e-32,1.9560468917388328e-34,7.00988312223229e-18,0.36095251096358266,2.492568265569477e-28,2.493923036914732e-28,-2.3341669072865678e-30,3.526059203429962e-28,0.21039552109480478,1.0,9.646350016510874e-17,4.3066543170197646e-17,4.94785825809127e-17,3.0000000000000013,1.0742475471780166,1.0737630156405538,0.8519894371814307,0.0025352991591631206,-0.002080122081846906,0.0001894016667713633,3.320316894001091,3.313158360284878,2.156475706735605,-0.2216868602684942,0.002197157243867759,0.0011070089138941997,-0.0016773705452976637,0.3621643845175768,0.0021227921745958,-0.0020084321253578258,0.00030748922726005283,0.0029384682818733134,0.21050256574517343,0.0,6.424260138706453e-17,0.0020110102396168005,0.002205571746892061,0.013769031313143559,7.255330427931242e-17,0.0010878157930735463,0.0008916007655760307,0.0050101098918567686,0.001465580063857256,0.0009385619773565199,0.0022555085698230913,0.001805676122990879,0.003804530651845971,0.009848185343836854,1.0689230171400168e-16,0.0007977766044884407,0.0007838226010184536,0.0038425066715544187,0.0014242908885242456,0.0005498122157963904,0.002301244151479282,0.0003000203889767054,0.0030219614772235043,0.009042957441094433,0.0012803750556558602,0.0006309637262681864,0.0015364647113272163,0.0007993248686143939,0.001471855165909129,0.004116914056885454,0.0004261726662417031,0.0018709893884475616,0.004895447280298177,0.0025081704620473133
39,0.975,1.0,0.0,0.0,0.0,3.000000000000007,1.0700857916833748,1.0700857916833708,0.8598284166332616,5.569152193389387e-16,-2.9638939522456797e-15,-1.5597985463671795e-15,3.3003032592237815,3.30030325922377,2.202745150061519,-0.21025737505011344,1.8103966700708287e-16,1.183460847170132e-16,-1.0003480033971046e-15,0.34334885568651147,1.543130203039285e-15,-2.116769162358891e-15,-1.243642047311373e-15,2.899759999049309e-15,0.21136086792907677,1.0,0.0,0.0,0.0,2.999999999999992,1.0700857495499967,1.0700857495499967,0.8598285008999987,-6.279341534025043e-18,-6.375976659900766e-18,-1.5230103937904682e-19,3.3013716885284623,3.3013716885284623,2.2028864489758897,-0.2102572486499878,-1.5462855252884617e-32,2.4047035002505733e-34,6.499527323797946e-18,0.3433486492759757,2.4029994027577245e-28,2.4045994894296457e-28,-2.314498347729513e-30,3.3995647551531445e-28,0.21121071865209895,1.0,1.3742262536253769e-16,7.550790505003735e-17,5.653521406448828e-17,3.0000000000000013,1.0708986214379868,1.0696640961302986,0.859437282431716,0.0019313308840131318,-0.0014525582689983493,0.00010804980320981991,3.311343166786264,3.2952672781583816,2.1990260469660114,-0.21081597217629144,0.002220415201105188,0.0010402511492553354,-0.0016852007574965063,0.3442910852217162,0.0018749833583674473,-0.0017348155096563154,0.0004269051009715551,0.002589863975565996,0.21144403630429603,0.0,9.861171411210228e-17,0.0019490929828333231,0.002103391193646116,0.012701670587591684,8.241324753390296e-17,0.0011316545566590485,0.0009344528098961427,0.005071089149122606,0.0014914888447031132,0.0008956329975752689,0.001911231633809371,0.0017571480689462797,0.003516554421662102,0.00930691596793875,1.094036328391581e-16,0.0009136497051891417,0.0008747906351523711,0.003887737994795207,0.0013579119340464507,0.0005436985366921207,0.0022255096801837974,0.0003033921775496573,0.003496779764922421,0.007945594315208002,0.0010354917393488676,0.0006406043041734458,0.0010470888985204868,0.0007527868563903204,0.0015567397566340652,0.0035271084659958796,0.0004356650279530252,0.0017667473097393777,0.00445761135118944,0.003011487344428656
40,1.0,1.0,0.0,0.0,0.0,3.000000000000006,1.066667667378012,1.0666676673780076,0.8666646652439867,2.2237333608461903e-15,-1.948573750540183e-15,-1.323670381727839e-15,3.2897672745910396,3.2897672745910276,2.23874012477138,-0.20000300213402475,1.7516462774322542e-16,2.429951314130602e-16,-1.1754242915341367e-15,0.32660353483542315,2.3126355575398505e-15,-1.6806170927845526e-15,-9.708885153629379e-16,3.019169015444632e-15,0.21209609231770143,1.0,0.0,0.0,0.0,2.999999999999992,1.0666676272101443,1.0666676272101443,0.8666647455797035,-5.8182777210782636e-18,-5.905898009174202e-18,-1.3816309050023292e-19,3.290712777544805,3.290712777544805,2.238864589986007,-0.20000288163043095,-1.4764106693761054e-32,2.650078138734544e-34,6.011249049606829e-18,0.32660333805388314,2.319900460852898e-28,2.32130554711795e-28,-2.3935938831330664e-30,3.281915678458816e-28,0.21196828247444507,1.0,1.3983836332810695e-16,7.72324641306471e-17,3.654523650928679e-17,3.0000000000000018,1.0677169239206736,1.0661664095715724,0.8661166665077554,0.0015916802579439438,-0.0012766075405938658,0.00011043464133334283,3.3061156172036026,3.2810323779862673,2.233909521801368,-0.20077486150441964,0.0023082252402007834,0.0008213000908263256,-0.0015531817988859416,0.3279045858589082,0.001693635382945622,-0.001635562620573171,0.00046921113519165857,0.0024007550865445203,0.21220272996851777,0.0,1.0881271226010441e-16,0.001867617417329503,0.0019487050997303275,0.012794810577641598,8.47308510552589e-17,0.0011435096391476966,0.0009134877912059398,0.005282669046718523,0.0013090154714105599,0.0008446961769007427,0.002096920238544695,0.0019237072610316334,0.003881582048822424,0.008508563678907776,1.0894320213717201e-16,0.0008975660465411274,0.0008065213921526525,0.003308328590139789,0.001357515799380651,0.0005736852784750115,0.0021912686905697816,0.000310922843868743,0.0032882177698716772,0.008001723298250768,0.000935559537042385,0.0006115460269517421,0.001106153183746776,0.0007609682613940243,0.001399244112866477,0.0030542189963125104,0.0005051036071433808,0.0018255105734405488,0.00466061249159142,0.002999286819076108
